word,machado_fl,mac_morpho_fl,floresta_fl,genesis_fl,unitex-PB_fl,Manual Label
aa,N,Y,Y,Y,N,N
Aaron,Y,N,Y,Y,N,N
aba,Y,Y,N,N,Y,Y
abas,Y,N,N,N,Y,Y
abate,Y,Y,Y,N,Y,Y
Abba,Y,Y,Y,Y,N,N
abdominal,Y,N,Y,N,Y,Y
Abel,N,N,Y,N,N,N
about,Y,Y,Y,N,N,N
absolute,N,Y,Y,Y,N,N
absolve,Y,N,N,N,Y,Y
Abu,Y,N,Y,Y,N,N
Academic,Y,Y,Y,Y,N,N
acapulco,Y,Y,Y,Y,N,N
acceptable,Y,Y,Y,Y,N,N
access,Y,Y,Y,Y,N,N
account,Y,Y,Y,N,N,N
ace,Y,N,Y,Y,N,N
achar,Y,Y,Y,Y,Y,Y
ache,Y,Y,Y,Y,Y,Y
acne,N,N,N,N,Y,Y
acoustic,Y,Y,Y,Y,N,N
acre,Y,N,N,N,Y,Y
across,Y,N,Y,Y,N,N
act,Y,Y,Y,N,N,N
action,Y,N,Y,N,N,N
activity,Y,Y,Y,N,N,N
ad,N,N,Y,Y,N,N
Adam,Y,N,N,N,N,N
Adamastor,N,Y,Y,Y,N,N
adapt,Y,Y,Y,Y,N,N
add,Y,Y,Y,N,N,N
addict,Y,Y,Y,Y,N,N
addicted,Y,Y,Y,Y,N,N
Adela,Y,Y,Y,Y,N,N
Adelia,Y,Y,Y,Y,N,N
admire,Y,N,N,N,Y,Y
ado,Y,Y,Y,Y,N,N
adobe,Y,Y,Y,Y,N,N
adopter,Y,Y,Y,Y,N,N
adore,Y,N,N,N,Y,Y
Adriana,N,N,Y,Y,N,N
advance,Y,Y,Y,Y,N,N
adventure,Y,Y,Y,Y,N,N
adversaria,N,N,N,N,Y,Y
advertising,Y,Y,Y,Y,N,N
ae,N,N,N,N,N,Y
aero,N,N,N,N,N,Y
affinity,Y,Y,Y,Y,N,N
afire,Y,Y,Y,Y,N,N
Africana,Y,N,N,N,N,Y
after,Y,N,Y,N,N,N
again,N,Y,Y,N,N,N
Agatha,Y,N,Y,Y,N,N
Agave,Y,Y,Y,Y,N,N
age,N,Y,N,Y,Y,Y
agen,Y,Y,Y,Y,N,N
agenda,N,Y,Y,N,Y,Y
agile,Y,Y,Y,Y,N,N
Agnes,Y,Y,Y,Y,N,N
ago,N,Y,Y,N,N,N
agoniada,Y,N,N,N,Y,Y
agora,Y,Y,Y,Y,Y,Y
agree,Y,Y,Y,Y,N,N
agreed,Y,Y,Y,Y,N,N
agua,Y,N,N,N,Y,Y
Ah,N,N,Y,N,N,N
aha,Y,Y,Y,Y,N,N
ahead,Y,Y,Y,Y,N,N
ai,Y,Y,N,Y,Y,Y
ail,Y,Y,Y,Y,N,N
air,N,Y,Y,N,N,N
ak,Y,Y,Y,Y,N,N
aka,Y,Y,Y,Y,N,N
ake,Y,Y,Y,Y,N,N
akee,Y,Y,Y,Y,N,N
Al,N,N,Y,Y,N,N
ala,N,Y,Y,N,Y,Y
Aladdin,Y,N,Y,Y,N,N
Alain,Y,N,Y,Y,N,N
Alan,Y,N,Y,Y,N,N
alas,Y,Y,Y,Y,Y,Y
Albert,Y,N,Y,Y,N,N
Alberto,N,N,Y,Y,N,N
album,N,Y,N,N,N,Y
alchemist,Y,Y,Y,Y,N,N
ale,Y,Y,Y,Y,N,N
alec,Y,Y,Y,Y,N,N
alegar,Y,Y,N,N,Y,Y
Alejandro,Y,N,Y,Y,N,N
alem,N,N,N,N,Y,Y
alert,Y,Y,Y,Y,N,N
Alex,Y,N,N,Y,N,N
Alexander,Y,N,N,Y,N,N
Alexandra,Y,N,Y,Y,N,N
alf,Y,Y,Y,Y,N,N
alfa,N,Y,N,N,Y,Y
alga,N,N,N,N,Y,Y
algum,Y,Y,Y,Y,Y,Y
alias,Y,N,N,N,Y,Y
Alice,N,N,N,Y,N,N
Alicia,Y,N,Y,Y,N,N
Alida,Y,Y,Y,Y,N,N
alien,Y,Y,Y,Y,N,N
Aline,Y,Y,Y,Y,N,N
alison,Y,Y,Y,Y,N,N
alive,Y,Y,Y,N,N,N
all,N,Y,Y,N,N,N
Allah,N,Y,Y,Y,N,N
Allan,N,N,Y,Y,N,N
Allen,Y,N,Y,Y,N,N
Allie,Y,Y,Y,Y,N,N
Ally,Y,Y,Y,Y,N,N
alma,Y,Y,Y,Y,Y,Y
alo,N,N,N,Y,Y,Y
alone,Y,Y,Y,N,N,N
Alonso,N,N,Y,Y,N,N
alpha,N,N,N,N,N,Y
alt,N,N,Y,N,N,N
altar,Y,Y,N,Y,Y,Y
alternative,Y,Y,Y,Y,N,N
altitude,N,Y,Y,N,Y,Y
alto,Y,Y,Y,Y,Y,Y
Alvina,Y,Y,Y,Y,N,N
always,N,N,Y,N,N,N
am,N,Y,Y,N,N,N
ama,Y,Y,Y,Y,Y,Y
Amadi,Y,Y,Y,Y,N,N
Amanda,Y,Y,Y,Y,N,N
amar,Y,Y,N,N,Y,Y
Amaranthaceae,Y,Y,Y,Y,N,N
Amaryllis,Y,Y,Y,Y,N,N
amazing,Y,Y,Y,Y,N,N
Amazon,N,Y,Y,Y,N,N
amba,Y,Y,Y,Y,N,N
ambos,Y,Y,Y,Y,Y,Y
ambrose,N,N,N,N,N,Y
ame,Y,Y,N,N,Y,Y
Amelia,Y,Y,Y,Y,N,N
America,N,Y,N,N,N,Y
American,Y,N,Y,Y,N,N
Americana,N,Y,Y,N,N,Y
ami,N,Y,Y,N,N,N
Amigo,Y,Y,N,N,N,Y
amir,Y,Y,Y,Y,N,N
amiss,Y,Y,Y,Y,N,N
among,Y,Y,Y,N,N,N
amor,Y,Y,Y,Y,Y,Y
Amores,Y,N,N,N,N,Y
amoroso,Y,Y,N,N,Y,Y
Amos,N,Y,N,N,N,Y
amt,Y,Y,Y,Y,N,N
Amy,Y,N,Y,Y,N,N
Amyris,Y,Y,Y,Y,N,N
an,N,N,Y,N,N,N
Ana,N,N,N,N,N,N
anaconda,N,N,N,N,Y,Y
anal,N,Y,N,N,Y,Y
analytics,Y,Y,Y,Y,N,N
Ananias,Y,N,Y,Y,N,N
Anastasia,Y,Y,Y,Y,N,N
Anatole,Y,Y,Y,Y,N,N
anatomy,Y,Y,Y,Y,N,N
Anchises,Y,Y,Y,Y,N,N
and,N,N,N,N,N,N
anda,Y,Y,Y,Y,Y,Y
Anderson,Y,N,N,Y,N,N
Andre,Y,N,N,Y,N,N
Andrea,Y,N,Y,Y,N,N
android,Y,Y,Y,Y,N,N
Andy,Y,N,Y,Y,N,N
anemia,Y,Y,N,N,Y,Y
anes,Y,Y,Y,Y,N,N
angaria,N,Y,Y,Y,N,N
angel,N,Y,Y,N,N,N
Angela,Y,N,Y,Y,N,N
Angelica,Y,Y,Y,Y,N,N
Angelina,N,N,Y,Y,N,N
Angola,N,N,N,Y,N,N
angry,Y,Y,Y,N,N,N
Angus,N,N,Y,Y,N,N
anima,Y,Y,Y,N,Y,Y
animal,Y,Y,Y,Y,Y,Y
animation,Y,Y,Y,Y,N,N
anime,Y,N,N,N,Y,Y
Anita,Y,N,Y,Y,N,N
Ann,Y,N,Y,N,N,N
Anna,N,N,Y,N,N,N
Anne,N,N,Y,Y,N,N
Annie,Y,Y,Y,Y,N,N
anniversary,Y,Y,Y,Y,N,N
anon,Y,Y,Y,Y,N,N
anonymous,Y,Y,Y,Y,N,N
anorexia,N,N,N,N,Y,Y
anormal,Y,N,N,N,Y,Y
another,Y,Y,Y,N,N,N
answer,Y,Y,Y,N,N,N
ant,N,N,N,N,N,N
anta,Y,N,N,N,Y,Y
Antarctica,Y,N,Y,Y,N,N
ante,N,N,Y,N,N,N
anterior,Y,Y,Y,N,Y,Y
antes,Y,Y,Y,Y,Y,Y
Anthony,Y,N,Y,Y,N,N
anti,Y,Y,N,N,Y,Y
antivirus,N,N,N,N,N,Y
Antonella,Y,N,Y,Y,N,N
Antonio,N,N,Y,Y,N,N
Antony,N,N,Y,Y,N,N
antra,Y,Y,Y,Y,N,N
anus,N,N,N,N,Y,Y
anxiety,Y,Y,Y,Y,N,N
any,Y,Y,Y,N,N,N
anyone,Y,Y,Y,Y,N,N
anyway,Y,Y,Y,Y,N,N
Ao,N,N,N,N,N,N
aorta,N,Y,N,N,Y,Y
ape,Y,Y,Y,Y,N,N
Aphrodite,Y,Y,Y,Y,N,N
apocalypse,Y,Y,Y,Y,N,N
Apollo,N,N,N,Y,N,N
apologia,Y,Y,Y,N,Y,Y
appeal,Y,N,Y,Y,N,N
apple,Y,Y,Y,Y,N,N
apt,N,N,N,N,N,Y
Aquarius,Y,N,Y,Y,N,N
ar,Y,Y,Y,Y,Y,Y
Arabella,Y,Y,Y,Y,N,N
arara,Y,Y,N,N,Y,Y
arca,Y,Y,N,Y,Y,Y
architecture,Y,N,Y,Y,N,N
Arcos,Y,N,N,N,N,Y
arctic,Y,Y,Y,Y,N,N
are,N,Y,Y,N,N,N
area,N,Y,N,N,N,Y
areal,Y,N,N,N,Y,Y
arena,Y,Y,N,N,Y,Y
Argentina,N,N,N,Y,N,N
Argentino,Y,N,Y,Y,N,N
Argo,N,Y,Y,Y,N,N
Ariana,Y,Y,Y,Y,N,N
Ariel,N,N,Y,Y,N,N
Aries,N,N,N,N,N,Y
arles,Y,Y,Y,Y,N,N
armada,Y,Y,Y,N,Y,Y
Armageddon,Y,Y,Y,Y,N,N
arms,N,Y,Y,N,N,N
army,Y,Y,Y,N,N,N
Arne,Y,Y,Y,Y,N,N
Arnold,Y,N,Y,Y,N,N
aroma,Y,Y,Y,N,Y,Y
arriba,Y,N,N,N,Y,Y
arroba,Y,Y,N,N,Y,Y
arrow,Y,Y,Y,Y,N,N
arsenal,Y,Y,N,N,Y,y
Art,N,N,Y,N,N,N
Arthur,N,N,Y,Y,N,N
artificial,Y,Y,Y,N,Y,Y
ary,Y,Y,Y,Y,N,N
Arya,Y,Y,Y,Y,N,N
As,Y,Y,Y,Y,N,Y
Asa,Y,Y,N,N,N,Y
ashes,Y,Y,Y,N,N,N
ask,Y,Y,Y,N,N,N
aspire,Y,N,N,N,Y,Y
ass,Y,Y,Y,N,N,N
assassin,Y,Y,Y,Y,N,N
assessor,N,Y,Y,N,Y,Y
assis,Y,Y,Y,N,N,N
assume,Y,Y,Y,N,Y,Y
astral,Y,Y,Y,N,Y,Y
Astrid,Y,N,Y,Y,N,N
asylum,Y,Y,Y,Y,N,N
at,Y,N,Y,N,N,N
Ata,N,N,N,N,N,Y
ate,Y,N,N,Y,Y,Y
atemporal,N,Y,N,N,Y,Y
Athena,Y,Y,Y,Y,N,N
Atlanta,Y,N,N,Y,N,N
attack,Y,Y,Y,N,N,N
Aubrey,Y,Y,Y,Y,N,N
audio,N,N,N,N,N,Y
auditoria,N,Y,Y,N,Y,Y
Audrey,Y,N,Y,Y,N,N
auge,Y,Y,Y,N,Y,Y
August,Y,N,Y,Y,N,N
Augusta,N,N,N,Y,N,N
aula,Y,Y,Y,N,Y,Y
aura,Y,Y,N,Y,Y,Y
aurora,Y,Y,N,N,Y,Y
Austin,Y,N,Y,Y,N,N
Australia,Y,Y,Y,Y,N,N
Australian,Y,N,Y,Y,N,N
auto,Y,Y,N,Y,Y,Y
auxiliar,Y,Y,Y,N,Y,Y
available,Y,Y,Y,Y,N,N
aval,N,Y,Y,N,Y,Y
Avanti,Y,Y,Y,Y,N,N
avast,Y,Y,Y,Y,N,N
ave,Y,Y,N,Y,Y,Y
aviso,Y,Y,Y,Y,Y,Y
avo,N,N,N,N,Y,Y
aw,Y,Y,Y,N,N,N
away,N,N,Y,N,N,N
awesome,Y,Y,Y,N,N,N
awn,Y,Y,Y,Y,N,N
axe,Y,Y,Y,N,N,N
ay,N,Y,Y,Y,N,N
Azalea,Y,Y,Y,Y,N,N
ba,Y,Y,Y,Y,N,N
baa,Y,Y,Y,Y,N,N
baba,Y,Y,N,N,Y,Y
Babel,N,N,N,N,N,N
Babi,Y,Y,Y,Y,N,N
Babs,Y,Y,Y,Y,N,N
babu,Y,Y,Y,Y,N,N
baby,N,N,Y,N,N,N
bacca,Y,Y,Y,Y,N,N
back,Y,N,Y,N,N,N
background,Y,N,Y,Y,N,N
backing,Y,Y,Y,Y,N,N
backstage,Y,Y,Y,Y,N,N
backup,Y,Y,Y,Y,N,N
bacon,N,N,N,N,Y,Y
bad,Y,N,Y,N,N,N
bae,Y,Y,Y,Y,N,N
bag,Y,Y,Y,Y,N,N
bago,N,Y,Y,Y,N,N
bah,Y,Y,Y,Y,N,N
bailee,N,N,N,N,N,Y
Bala,N,Y,N,N,N,Y
balalaika,Y,Y,Y,Y,N,N
balance,Y,N,N,N,Y,Y
balao,N,N,N,N,N,Y
balas,Y,Y,Y,N,Y,Y
Baldwin,Y,N,N,Y,N,N
bale,N,N,N,N,Y,Y
Bali,Y,Y,Y,Y,N,N
ball,Y,Y,Y,Y,N,N
ballet,N,N,N,N,N,N
bam,Y,Y,Y,Y,N,N
Ban,Y,Y,Y,Y,N,N
banana,Y,Y,N,N,Y,Y
banca,Y,Y,Y,N,Y,Y
banco,Y,Y,Y,N,Y,Y
band,Y,Y,Y,N,N,N
banda,Y,Y,Y,Y,Y,Y
bando,Y,Y,Y,Y,Y,Y
bane,N,N,N,N,Y,Y
bang,Y,Y,Y,N,N,N
banker,Y,Y,Y,Y,N,N
banking,Y,N,Y,Y,N,N
banner,N,N,N,N,Y,Y
Baphomet,Y,Y,Y,Y,N,N
bar,N,Y,Y,Y,Y,Y
Barbara,Y,N,Y,Y,N,N
barbeiro,Y,Y,Y,N,Y,Y
Barbra,Y,N,Y,Y,N,N
Bari,Y,Y,Y,Y,N,N
barman,Y,N,Y,Y,N,N
Barney,N,N,Y,Y,N,N
barra,Y,Y,Y,N,Y,Y
barras,Y,Y,N,N,Y,Y
barrigudo,N,Y,N,N,Y,Y
Barry,N,N,Y,Y,N,N
bartender,N,N,N,N,N,Y
Barton,Y,Y,Y,Y,N,N
basal,N,Y,N,N,Y,Y
base,Y,Y,Y,Y,Y,Y
baseball,Y,N,Y,Y,N,N
bases,Y,Y,Y,Y,Y,Y
basic,Y,Y,Y,Y,N,N
basket,Y,Y,Y,N,N,N
bass,Y,Y,Y,Y,N,N
basta,Y,Y,Y,N,Y,Y
basto,Y,N,N,N,Y,Y
bat,Y,Y,Y,N,N,N
batata,Y,Y,Y,N,Y,Y
Batatas,Y,Y,N,N,N,Y
bate,Y,Y,Y,N,Y,Y
bateman,Y,Y,Y,Y,N,N
bater,Y,Y,Y,N,Y,Y
batman,Y,Y,Y,Y,N,N
baton,Y,N,Y,Y,N,N
bay,Y,Y,Y,Y,N,N
be,N,N,Y,N,N,N
Bea,Y,Y,Y,Y,N,N
beach,Y,Y,Y,N,N,N
beat,Y,N,N,Y,N,N
beautiful,Y,N,Y,N,N,N
becher,Y,Y,Y,Y,N,N
Beck,Y,N,Y,Y,N,N
bedel,N,Y,Y,Y,N,N
bedin,Y,Y,Y,Y,N,N
Bee,Y,N,Y,Y,N,N
been,Y,Y,Y,N,N,N
beer,Y,Y,Y,Y,N,N
beetle,Y,Y,Y,Y,N,N
before,Y,Y,Y,N,N,N
behavior,Y,Y,Y,Y,N,N
behind,Y,Y,Y,N,N,N
beira,Y,Y,Y,N,Y,Y
Beja,Y,N,Y,N,N,Y
bela,Y,Y,Y,N,Y,Y
belga,Y,Y,Y,N,Y,Y
believe,Y,Y,Y,N,N,N
Belinda,Y,Y,Y,Y,N,N
Bella,Y,Y,Y,Y,N,N
belle,N,N,Y,N,N,N
beluga,Y,Y,Y,Y,N,N
Ben,Y,N,N,N,N,N
bench,Y,Y,Y,Y,N,N
Benjamin,N,N,Y,N,N,N
benny,Y,Y,Y,Y,N,N
Benson,Y,N,Y,Y,N,N
Benton,N,Y,Y,Y,N,N
ber,Y,Y,Y,Y,N,N
Berliner,Y,Y,Y,Y,N,N
Bernard,N,N,N,Y,N,N
beside,Y,Y,Y,N,N,N
best,Y,N,Y,N,N,N
bet,Y,Y,Y,N,N,N
beta,N,Y,N,N,Y,Y
Beth,Y,N,Y,N,N,N
better,Y,N,Y,N,N,N
betty,Y,Y,Y,Y,N,N
Bianca,Y,N,Y,Y,N,N
bias,Y,Y,Y,Y,N,N
bibi,Y,Y,Y,Y,N,N
biceps,N,N,N,N,N,Y
bidimensional,N,Y,N,N,Y,Y
bier,Y,Y,Y,Y,N,N
big,Y,N,Y,N,N,N
bike,Y,N,Y,N,N,N
bikini,N,N,N,N,N,Y
Bill,N,N,N,Y,N,N
billboard,Y,Y,Y,Y,N,N
Billie,Y,N,Y,Y,N,N
billionaire,Y,Y,Y,Y,N,N
Billy,Y,N,Y,Y,N,N
binder,Y,Y,Y,N,N,N
bindery,Y,Y,Y,Y,N,N
bine,Y,Y,Y,Y,N,N
bingo,N,Y,N,N,Y,Y
bino,Y,Y,Y,Y,N,N
bios,Y,Y,Y,Y,N,N
bipolar,N,N,N,N,Y,Y
birthday,Y,Y,Y,N,N,N
bis,N,N,N,N,N,N
bisexual,N,N,N,N,N,Y
bit,Y,Y,Y,N,N,N
bitch,Y,N,Y,N,N,N
bittersweet,Y,Y,Y,Y,N,N
bitty,Y,Y,Y,Y,N,N
bixin,Y,Y,Y,Y,N,N
bizarre,Y,Y,Y,Y,N,N
black,N,N,Y,N,N,N
blackberry,Y,Y,Y,Y,N,N
blackout,Y,Y,Y,Y,N,N
bladed,Y,Y,Y,Y,N,N
Blaine,Y,Y,Y,Y,N,N
Blair,Y,N,Y,Y,N,N
blake,Y,Y,Y,Y,N,N
blanca,N,Y,Y,Y,N,N
blast,Y,Y,Y,Y,N,N
blazer,N,Y,N,N,Y,N
bleach,Y,Y,Y,Y,N,N
blend,Y,N,Y,Y,N,N
bless,Y,Y,Y,N,N,N
blessed,Y,Y,Y,N,N,N
blind,Y,Y,Y,Y,N,N
blink,Y,Y,Y,Y,N,N
blip,Y,Y,Y,Y,N,N
blitz,N,Y,N,N,Y,Y
block,Y,Y,Y,Y,N,N
blocked,Y,Y,Y,Y,N,N
blood,N,Y,Y,N,N,N
blowup,Y,Y,Y,Y,N,N
blue,Y,N,Y,Y,N,N
blues,Y,N,N,Y,N,N
blunt,Y,Y,Y,Y,N,N
blush,N,Y,N,N,N,Y
bo,Y,Y,Y,N,N,N
boa,Y,Y,Y,Y,Y,Y
Bob,Y,N,Y,Y,N,N
boba,N,N,N,N,Y,Y
Bobby,Y,Y,Y,Y,N,N
bobo,Y,Y,N,N,Y,Y
bod,Y,Y,Y,Y,N,N
bode,Y,Y,Y,N,Y,Y
bodega,N,N,N,N,Y,Y
body,N,Y,Y,N,N,N
bodybuilder,Y,Y,Y,Y,N,N
boga,Y,Y,Y,Y,N,N
boiler,Y,Y,Y,Y,N,N
bola,Y,Y,Y,N,Y,Y
boldo,Y,Y,Y,Y,N,N
bolo,Y,Y,Y,N,Y,Y
bom,Y,Y,Y,Y,Y,Y
boma,Y,Y,Y,Y,N,N
bomb,Y,Y,Y,Y,N,N
bombo,Y,Y,Y,Y,N,N
Bon,N,Y,Y,Y,N,N
bond,N,N,Y,Y,N,N
bonder,Y,Y,Y,Y,N,N
bone,Y,Y,Y,N,N,N
boneless,Y,Y,Y,Y,N,N
bongo,N,N,N,N,Y,Y
bonito,Y,Y,Y,N,Y,Y
bonus,N,N,N,N,N,Y
book,N,N,Y,N,N,N
bookmark,Y,Y,Y,Y,N,N
boom,Y,N,N,Y,N,N
boomerang,Y,Y,Y,Y,N,N
boot,Y,N,Y,Y,N,N
bootleg,Y,Y,Y,Y,N,N
booty,Y,Y,Y,N,N,N
bora,N,N,N,N,N,Y
Boran,N,N,N,N,N,N
borderline,Y,Y,Y,Y,N,N
boreal,Y,N,N,N,Y,Y
boring,Y,Y,Y,Y,N,N
born,Y,Y,Y,N,N,N
borracha,Y,Y,N,N,Y,Y
boss,Y,N,Y,N,N,N
Boston,N,N,N,Y,N,N
bota,Y,Y,N,N,Y,Y
bote,Y,Y,N,Y,Y,Y
Bourbon,N,N,Y,Y,N,N
bowl,Y,Y,Y,Y,N,N
box,N,N,N,N,N,N
boxer,N,N,N,N,N,Y
boy,Y,N,Y,N,N,N
Boyd,Y,Y,Y,Y,N,N
bozo,N,N,N,N,N,Y
bra,N,N,N,N,N,Y
Brad,Y,N,Y,Y,N,N
Brahma,Y,N,N,Y,N,N
Braille,N,Y,N,N,N,Y
brain,Y,N,Y,Y,N,N
Bram,Y,Y,Y,Y,N,N
Brandon,Y,Y,Y,Y,N,N
Brava,N,N,N,N,N,Y
bravo,Y,Y,N,Y,Y,Y
bravura,Y,Y,Y,N,Y,Y
brazil,Y,Y,Y,Y,N,N
Brazilian,Y,N,Y,Y,N,N
breadwinner,Y,Y,Y,Y,N,N
break,N,N,Y,N,N,N
breaking,Y,Y,Y,N,N,N
Brenda,Y,N,Y,Y,N,N
Brett,Y,N,Y,Y,N,N
breve,Y,Y,Y,N,Y,Y
Brian,Y,N,Y,Y,N,N
brick,Y,Y,Y,N,N,N
Bridget,Y,Y,Y,Y,N,N
briefing,Y,Y,Y,Y,N,N
Briggs,Y,Y,Y,Y,N,N
brique,N,N,N,Y,N,Y
brit,Y,Y,Y,Y,N,N
Britain,Y,N,Y,Y,N,N
British,Y,N,Y,Y,N,N
broadway,Y,Y,Y,Y,N,N
Bronx,Y,N,N,Y,N,N
bronze,Y,Y,Y,N,Y,Y
Brooke,Y,N,Y,Y,N,N
brother,Y,Y,Y,N,N,N
brow,Y,Y,Y,Y,N,N
brown,Y,Y,Y,N,N,N
browser,N,N,N,N,N,N
Bruce,Y,N,Y,Y,N,N
Bruno,N,N,N,Y,N,N
brusque,N,N,N,N,Y,Y
brutal,Y,Y,Y,N,Y,Y
Brutus,N,N,Y,Y,N,N
Bryan,N,Y,Y,Y,N,N
bu,Y,N,Y,N,N,N
Bud,Y,Y,Y,Y,N,N
buffalo,Y,Y,Y,Y,N,N
buffet,Y,N,N,N,N,Y
bug,Y,Y,Y,Y,N,N
bugre,N,N,N,N,Y,Y
building,Y,Y,Y,N,N,N
bull,Y,N,Y,Y,N,N
bulldog,N,N,N,N,N,Y
bullying,Y,Y,Y,Y,N,N
bum,Y,Y,Y,N,N,N
Bunda,N,N,N,N,N,Y
bung,N,Y,Y,Y,N,N
bungee,N,N,N,N,N,Y
bunker,Y,Y,Y,Y,N,N
buriti,Y,N,Y,Y,N,N
burke,Y,Y,Y,Y,N,N
burn,Y,Y,Y,N,N,N
burro,Y,Y,N,N,Y,Y
bus,Y,Y,Y,Y,N,N
bush,Y,Y,Y,Y,N,N
business,Y,N,Y,N,N,N
buss,Y,Y,Y,Y,N,N
but,N,Y,Y,N,N,N
Butler,Y,N,Y,Y,N,N
butterfly,Y,Y,Y,Y,N,N
button,Y,Y,Y,Y,N,N
buttons,Y,Y,Y,Y,N,N
buzz,N,N,N,N,N,Y
by,Y,N,Y,N,N,N
bye,Y,N,Y,N,N,N
Byron,N,N,Y,Y,N,N
ca,N,Y,Y,Y,N,N
cabala,N,Y,Y,Y,N,N
cabana,Y,Y,Y,N,Y,Y
cabaret,Y,Y,Y,Y,N,N
caber,Y,Y,N,N,Y,Y
cable,Y,Y,Y,Y,N,N
Caca,N,N,N,N,N,Y
cache,N,Y,N,N,Y,Y
cacique,Y,Y,N,N,Y,Y
cad,Y,Y,Y,Y,N,N
cadastre,N,N,N,N,Y,Y
cade,N,N,N,N,N,Y
Cahill,Y,Y,Y,Y,N,N
caique,Y,Y,Y,Y,N,N
Cairo,N,N,N,Y,N,N
cake,Y,Y,Y,N,N,N
calibre,Y,Y,N,N,Y,Y
California,Y,N,Y,Y,N,N
call,N,Y,Y,N,N,N
calling,Y,Y,Y,Y,N,N
calm,N,Y,Y,Y,N,N
calor,Y,Y,Y,Y,Y,Y
Calvin,Y,N,Y,Y,N,N
calypso,Y,Y,N,Y,N,N
cam,Y,Y,Y,N,N,N
came,Y,Y,Y,N,N,N
camera,N,N,N,N,N,Y
cameraman,Y,N,Y,Y,N,N
camp,Y,N,N,N,N,N
campaign,Y,Y,Y,Y,N,N
campo,Y,Y,Y,Y,Y,Y
campus,N,Y,N,N,Y,Y
can,N,N,Y,N,N,N
Cana,N,Y,N,Y,N,Y
Canada,Y,Y,Y,Y,N,N
canal,Y,Y,Y,N,Y,Y
cancer,N,N,N,N,N,Y
cand,Y,Y,Y,Y,N,N
candy,Y,Y,Y,Y,N,N
canon,Y,Y,Y,Y,N,N
canso,Y,N,N,N,Y,Y
cant,Y,Y,Y,N,N,N
cantar,Y,Y,Y,N,Y,Y
cantina,N,N,N,N,Y,Y
canto,Y,Y,Y,N,Y,Y
Canton,Y,Y,Y,Y,N,N
cantor,Y,Y,Y,N,Y,Y
cap,N,Y,Y,Y,N,N
capacity,Y,Y,Y,Y,N,N
capital,Y,Y,Y,N,Y,Y
capote,Y,N,N,N,Y,Y
Capri,Y,N,Y,Y,N,N
car,N,Y,Y,N,N,N
Cara,Y,Y,N,N,N,Y
caracol,Y,N,N,N,Y,Y
caramba,Y,N,N,N,N,Y
caramel,Y,Y,Y,Y,N,N
carbo,N,N,N,N,N,Y
Carboniferous,Y,Y,Y,Y,N,N
card,Y,N,Y,Y,N,N
careful,Y,Y,Y,Y,N,N
carga,Y,Y,Y,N,Y,Y
cargo,Y,Y,Y,Y,Y,Y
Carl,N,N,Y,Y,N,N
Carlo,N,N,Y,Y,N,N
Carlos,N,N,Y,Y,N,N
Carman,Y,Y,Y,Y,N,N
Carmela,N,N,Y,Y,N,N
Carmen,N,N,Y,Y,N,N
carnal,Y,Y,N,N,Y,Y
Carnegie,Y,N,Y,Y,N,N
Caro,Y,Y,N,N,N,Y
carol,Y,Y,Y,Y,N,N
caroli,Y,Y,Y,Y,N,N
Carolina,N,N,Y,Y,N,N
Caroline,Y,N,Y,Y,N,N
carpet,Y,Y,Y,Y,N,N
carr,Y,Y,Y,Y,N,N
Carrie,Y,Y,Y,Y,N,N
carrot,Y,Y,Y,Y,N,N
carry,Y,Y,Y,N,N,N
cart,Y,Y,Y,Y,N,N
carter,Y,Y,Y,Y,N,N
Cartier,Y,Y,N,Y,N,N
cartoon,Y,Y,N,Y,N,N
casal,Y,Y,Y,N,Y,Y
casava,Y,N,N,N,Y,Y
case,Y,N,N,Y,Y,Y
Casey,Y,Y,Y,Y,N,N
cash,Y,N,Y,N,N,N
Casper,Y,Y,Y,Y,N,N
Cassandra,N,N,N,Y,N,N
Cassia,Y,Y,Y,Y,N,N
cassie,Y,Y,Y,Y,N,N
Cassis,Y,Y,Y,Y,N,N
cast,Y,Y,Y,N,N,N
casting,Y,Y,Y,Y,N,N
casual,Y,Y,N,N,Y,Y
cat,Y,Y,Y,N,N,N
catching,Y,Y,Y,Y,N,N
catchup,N,N,N,N,N,Y
caterva,Y,N,Y,Y,N,N
catfish,Y,Y,Y,Y,N,N
Catherine,Y,N,Y,Y,N,N
cauda,Y,Y,Y,N,Y,Y
cause,Y,N,N,Y,Y,Y
cava,Y,N,N,N,Y,Y
cavern,Y,Y,Y,Y,N,N
caviar,N,N,N,N,Y,Y
ce,Y,N,N,Y,N,N
Cecilia,N,Y,Y,Y,N,N
cede,Y,Y,Y,N,Y,Y
ceder,Y,Y,Y,N,Y,Y
Cedric,Y,Y,Y,Y,N,N
celebration,Y,Y,Y,Y,N,N
Celeste,Y,N,N,N,N,Y
celestial,Y,N,Y,N,Y,Y
cell,Y,Y,Y,Y,N,N
centavo,N,Y,N,N,Y,Y
centena,Y,Y,Y,N,Y,Y
center,N,Y,N,N,N,Y
cento,Y,Y,N,Y,Y,Y
central,Y,Y,Y,N,Y,Y
cereal,N,Y,N,N,Y,Y
cerebral,Y,Y,Y,N,Y,Y
Cesare,Y,Y,Y,Y,N,N
cest,Y,Y,Y,Y,N,N
cha,Y,N,N,N,N,Y
cham,Y,Y,Y,Y,N,N
Chama,Y,Y,Y,N,N,Y
chamar,Y,Y,Y,Y,Y,Y
champagne,Y,Y,N,N,N,Y
champion,Y,Y,Y,Y,N,N
chance,N,Y,Y,N,Y,Y
chandler,Y,Y,Y,Y,N,N
change,N,Y,Y,N,N,N
channel,Y,Y,Y,Y,N,N
chao,N,N,N,N,N,N
chape,Y,Y,Y,Y,N,N
charge,N,N,Y,N,N,N
charity,Y,Y,Y,Y,N,N
Charles,N,N,N,Y,N,N
Charlie,Y,N,Y,Y,N,N
Charlotte,Y,N,Y,Y,N,N
chart,Y,Y,Y,Y,N,N
chat,Y,Y,Y,Y,N,N
chatta,N,N,N,N,N,Y
che,N,Y,Y,Y,N,N
check,Y,N,Y,N,N,N
cheerleader,Y,Y,Y,Y,N,N
cheese,Y,Y,Y,Y,N,N
chef,N,Y,N,Y,N,Y
cheque,Y,Y,Y,N,Y,Y
cherry,Y,Y,Y,Y,N,N
Chester,Y,N,Y,Y,N,N
Chet,Y,N,Y,Y,N,N
Cheyenne,Y,Y,Y,Y,N,N
chi,N,N,Y,N,N,N
chic,Y,Y,N,N,N,Y
chicken,Y,Y,Y,N,N,N
Chico,N,N,N,Y,N,N
chicote,Y,Y,N,N,Y,Y
chile,N,Y,Y,Y,N,N
china,Y,Y,Y,Y,N,N
Chinese,Y,Y,Y,Y,N,N
ching,Y,Y,Y,Y,N,N
chip,Y,N,Y,Y,N,N
chips,N,Y,Y,N,Y,Y
chirp,Y,Y,Y,Y,N,N
choca,N,N,Y,Y,N,N
chocolate,Y,Y,N,N,Y,Y
choice,Y,Y,Y,N,N,N
Chola,Y,Y,Y,Y,N,N
chop,N,N,N,N,N,N
Chora,Y,Y,N,N,N,Y
chore,Y,Y,N,N,Y,Y
chorus,Y,Y,Y,Y,N,N
Chris,Y,N,Y,Y,N,N
Christian,N,N,N,Y,N,N
Christina,Y,N,Y,Y,N,N
Christmas,N,N,Y,Y,N,N
Christopher,Y,N,Y,Y,N,N
chrome,Y,Y,Y,Y,N,N
Chuck,Y,N,Y,Y,N,N
church,Y,Y,Y,Y,N,N
chute,Y,Y,N,N,Y,Y
Cid,N,N,Y,Y,N,N
Cindy,Y,N,Y,Y,N,N
cine,Y,N,Y,Y,N,N
cinema,N,Y,Y,N,Y,Y
circular,Y,Y,Y,N,Y,Y
circus,Y,Y,Y,Y,N,N
cirrose,N,N,N,N,Y,Y
cisco,N,Y,Y,Y,N,N
citation,Y,Y,Y,Y,N,N
cite,Y,N,Y,N,Y,Y
city,Y,Y,Y,N,N,N
civil,Y,Y,Y,N,Y,Y
clack,Y,Y,Y,Y,N,N
Claire,Y,N,Y,Y,N,N
clamor,Y,Y,N,Y,Y,Y
clap,Y,Y,Y,Y,N,N
Clara,N,N,Y,Y,N,N
Clarice,Y,N,Y,Y,N,N
Clarissa,Y,N,Y,Y,N,N
clarity,Y,Y,Y,Y,N,N
Clark,Y,N,Y,Y,N,N
claro,Y,Y,Y,N,Y,Y
class,Y,N,Y,Y,N,N
classes,Y,Y,Y,N,Y,Y
Claude,N,N,Y,Y,N,N
Claudia,Y,N,Y,Y,N,N
Claudio,Y,N,Y,Y,N,N
clave,N,Y,Y,N,N,N
Clay,N,N,Y,Y,N,N
Clayton,Y,N,Y,Y,N,N
clean,Y,Y,Y,N,N,N
clever,Y,Y,Y,Y,N,N
click,Y,Y,Y,Y,N,N
client,Y,Y,Y,Y,N,N
Cliff,Y,N,Y,Y,N,N
Clifford,Y,N,Y,Y,N,N
clima,Y,Y,Y,N,Y,Y
climber,Y,Y,Y,Y,N,N
Clinton,Y,N,N,Y,N,N
clip,Y,N,N,Y,N,N
clique,Y,N,N,N,N,Y
clone,N,Y,N,N,Y,Y
close,Y,N,Y,N,N,N
closet,N,N,N,N,Y,Y
cloud,Y,Y,Y,N,N,N
club,N,Y,Y,Y,N,N
coach,Y,Y,Y,Y,N,N
coaching,Y,Y,Y,Y,N,N
coat,Y,Y,Y,N,N,N
cobra,Y,Y,Y,N,Y,Y
coca,Y,N,N,N,Y,Y
cocktail,Y,N,N,Y,N,N
coco,Y,Y,N,N,Y,Y
code,Y,Y,Y,Y,N,N
codex,Y,Y,Y,Y,N,N
coe,Y,Y,Y,Y,N,N
coelho,Y,Y,N,N,Y,Y
coffee,Y,Y,Y,Y,N,N
Cohen,Y,N,Y,Y,N,N
coke,Y,Y,Y,Y,N,N
col,Y,N,Y,Y,N,N
cola,Y,Y,N,N,Y,Y
Cole,N,Y,N,N,N,Y
Colin,Y,N,Y,Y,N,N
collect,Y,Y,Y,Y,N,N
Collins,Y,N,Y,Y,N,N
Colombina,N,N,N,N,N,Y
color,Y,Y,Y,Y,N,N
colorado,Y,Y,Y,Y,N,N
colossal,Y,Y,N,N,Y,Y
colt,Y,Y,Y,N,N,N
Columbia,Y,N,Y,Y,N,N
coma,Y,Y,Y,Y,Y,Y
combater,Y,Y,Y,N,Y,Y
come,Y,Y,Y,Y,Y,Y
comedown,Y,Y,Y,Y,N,N
comedy,Y,Y,Y,Y,N,N
comer,Y,Y,Y,Y,Y,Y
comes,Y,N,N,Y,Y,Y
comic,Y,Y,Y,Y,N,N
coming,Y,Y,Y,N,N,N
command,Y,Y,Y,N,N,N
comment,Y,Y,Y,N,N,N
commercial,Y,Y,Y,Y,N,N
common,Y,Y,Y,Y,N,N
comparison,Y,Y,Y,Y,N,N
compete,Y,Y,Y,N,Y,Y
compiler,Y,Y,Y,Y,N,N
complete,N,Y,N,N,N,Y
compos,N,N,N,N,N,Y
composed,Y,Y,Y,Y,N,N
compositor,Y,Y,Y,N,Y,Y
comprador,Y,Y,Y,N,Y,Y
con,N,N,Y,Y,N,N
concede,Y,Y,N,N,Y,Y
conceder,Y,Y,Y,N,Y,Y
concept,Y,Y,Y,Y,N,N
concert,Y,Y,Y,Y,N,N
concerto,Y,Y,Y,Y,Y,Y
concha,Y,N,N,N,Y,Y
conciliar,Y,Y,Y,N,Y,Y
concretize,N,N,Y,N,Y,Y
concurso,Y,Y,Y,Y,Y,Y
cone,Y,N,N,N,Y,Y
cones,N,Y,N,N,Y,Y
confabular,N,N,N,N,Y,Y
confirmed,Y,Y,Y,Y,N,N
Congo,Y,Y,N,N,N,Y
Congresso,Y,Y,Y,N,N,Y
connection,Y,Y,Y,Y,N,N
conquistador,Y,Y,Y,N,Y,Y
conserve,Y,Y,Y,N,Y,Y
console,Y,Y,N,N,Y,Y
consultor,N,Y,Y,N,Y,Y
contact,Y,N,Y,Y,N,N
conte,Y,Y,N,N,Y,Y
content,N,Y,Y,N,N,N
conter,Y,Y,Y,Y,Y,Y
continental,Y,Y,Y,N,Y,Y
continuando,Y,Y,Y,N,Y,Y
continue,Y,Y,Y,N,Y,Y
conto,Y,Y,N,N,Y,Y
contra,Y,Y,Y,Y,Y,Y
converse,Y,Y,Y,N,Y,Y
converter,Y,Y,Y,N,Y,Y
convictor,Y,Y,Y,Y,N,N
coo,N,Y,Y,Y,N,N
cook,Y,Y,Y,Y,N,N
cool,Y,N,N,N,N,N
coom,Y,Y,Y,Y,N,N
coop,Y,Y,Y,Y,N,N
cooper,Y,N,Y,Y,N,N
copa,Y,Y,N,N,Y,Y
copis,Y,Y,Y,Y,N,N
copy,Y,N,Y,Y,N,N
copyright,Y,Y,Y,Y,N,N
coque,Y,N,N,N,Y,Y
coqueluche,Y,Y,N,N,Y,Y
cor,Y,Y,Y,N,Y,Y
Cora,N,Y,Y,Y,N,N
coral,Y,Y,Y,N,Y,Y
cordel,Y,N,N,N,Y,Y
core,N,Y,Y,Y,N,N
Corey,Y,N,Y,Y,N,N
Corinthian,Y,Y,Y,Y,N,N
corner,Y,Y,Y,Y,N,N
coroa,Y,Y,Y,N,Y,Y
corporal,Y,Y,Y,N,Y,Y
corps,N,Y,Y,N,N,N
corpus,N,N,Y,Y,N,N
Correa,N,N,Y,Y,N,N
corrente,Y,Y,Y,N,Y,Y
corresponder,Y,Y,N,N,Y,Y
corrige,Y,Y,Y,N,Y,Y
corta,Y,Y,Y,N,Y,Y
cortina,Y,Y,N,N,Y,Y
cos,N,Y,Y,Y,N,N
cost,Y,Y,Y,N,N,N
costa,Y,Y,Y,N,Y,Y
costume,Y,Y,Y,Y,Y,Y
cote,N,N,N,N,Y,Y
cotise,Y,Y,Y,Y,N,N
could,Y,Y,Y,N,N,N
count,Y,Y,Y,N,N,N
counter,Y,Y,Y,Y,N,N
country,N,N,N,N,N,N
couple,Y,Y,Y,Y,N,N
course,N,N,Y,Y,N,N
Courtney,Y,Y,Y,Y,N,N
cousin,Y,Y,Y,N,N,N
cover,N,Y,Y,Y,N,Y
cowboy,N,Y,Y,N,N,Y
cox,Y,Y,Y,Y,N,N
coxa,Y,Y,Y,Y,Y,Y
coyote,N,N,N,N,N,Y
crack,Y,N,Y,Y,N,N
crackers,Y,Y,Y,Y,N,N
Craig,Y,N,Y,Y,N,N
crash,Y,N,Y,N,N,N
crazy,Y,Y,Y,N,N,N
cream,Y,Y,Y,Y,N,N
creative,Y,Y,Y,Y,N,N
creche,N,Y,N,N,Y,Y
credit,Y,Y,Y,Y,N,N
Credo,Y,Y,N,N,N,Y
creed,Y,Y,Y,Y,N,N
creep,Y,Y,Y,Y,N,N
crepe,Y,Y,N,N,Y,Y
crescendo,Y,Y,N,N,Y,Y
crew,Y,Y,Y,N,N,N
crime,Y,Y,Y,Y,Y,Y
criminal,Y,Y,Y,N,Y,Y
Cris,Y,N,Y,Y,N,N
crises,Y,Y,Y,N,Y,Y
crisis,Y,Y,Y,Y,N,N
Cristi,Y,Y,Y,Y,N,N
Cristina,N,N,Y,Y,N,N
critique,Y,N,N,N,Y,Y
cross,Y,N,Y,Y,N,N
crossover,Y,Y,Y,Y,N,N
crucial,N,Y,Y,N,Y,Y
cruel,Y,Y,Y,Y,Y,Y
cruise,Y,Y,Y,Y,N,N
crush,Y,Y,Y,Y,N,N
cruzeiro,Y,Y,Y,N,Y,Y
cry,N,N,Y,N,N,N
Cuba,N,N,N,Y,N,N
cuddle,Y,Y,Y,Y,N,N
cueca,N,Y,N,N,Y,Y
Cullen,Y,Y,Y,Y,N,N
culpa,Y,Y,Y,N,Y,Y
cult,Y,N,Y,Y,N,N
cultural,N,Y,Y,N,Y,Y
cum,N,Y,Y,N,N,N
cup,Y,Y,Y,N,N,N
cur,Y,Y,Y,Y,N,N
curd,Y,Y,Y,Y,N,N
curiosa,Y,Y,Y,N,Y,Y
curioso,Y,Y,Y,N,Y,Y
curious,Y,Y,Y,Y,N,N
curricular,N,N,Y,N,Y,Y
curriculum,N,Y,N,N,N,Y
cursor,N,Y,N,N,Y,Y
Curtis,Y,Y,Y,Y,N,N
curucucu,N,N,N,N,N,Y
cut,Y,Y,Y,N,N,N
cute,Y,Y,Y,N,N,N
cyrus,Y,Y,Y,Y,N,N
da,Y,Y,N,Y,Y,Y
dad,Y,Y,Y,N,N,N
dada,N,N,N,N,N,N
dado,Y,Y,Y,Y,Y,Y
dae,N,N,N,N,N,N
daft,Y,Y,Y,Y,N,N
dag,Y,Y,Y,N,N,N
dah,Y,Y,Y,Y,N,N
dale,N,N,N,Y,N,Y
Dalton,Y,N,Y,Y,N,N
dama,Y,Y,Y,N,Y,Y
damn,Y,Y,Y,Y,N,N
Damon,Y,N,Y,Y,N,N
dan,Y,Y,Y,N,N,N
Dana,Y,Y,Y,Y,N,N
dance,Y,Y,N,N,Y,Y
dancer,Y,Y,Y,Y,N,N
dancing,Y,N,N,Y,N,N
Dane,Y,N,Y,Y,N,N
Dani,Y,N,Y,Y,N,N
Daniel,N,N,N,Y,N,N
Daniele,Y,Y,Y,Y,N,N
Danielle,Y,N,Y,Y,N,N
Danny,Y,N,Y,Y,N,N
dao,N,N,N,N,N,Y
dar,Y,Y,Y,Y,Y,Y
Darci,Y,N,Y,Y,N,N
dark,Y,Y,Y,N,N,N
darkness,N,Y,Y,N,N,N
Darren,Y,Y,Y,Y,N,N
Daryl,Y,Y,Y,Y,N,N
das,Y,Y,N,Y,Y,Y
dash,Y,Y,Y,Y,N,N
data,N,N,N,Y,N,N
date,Y,N,Y,N,N,N
dating,Y,Y,Y,Y,N,N
Dave,Y,N,N,Y,N,N
David,N,N,Y,Y,N,N
Dawn,Y,N,Y,Y,N,N
day,N,N,Y,N,N,N
days,Y,Y,Y,N,N,N
de,Y,Y,Y,Y,Y,Y
dead,Y,Y,Y,N,N,N
Dean,Y,N,Y,Y,N,N
dear,N,Y,Y,Y,N,N
death,N,N,Y,N,N,N
debate,Y,Y,Y,N,Y,Y
debater,Y,Y,Y,N,Y,Y
Debbie,Y,Y,Y,Y,N,N
Deborah,Y,N,Y,N,N,N
debut,Y,Y,Y,Y,N,N
debutante,N,Y,N,N,Y,Y
decide,Y,Y,Y,N,Y,Y
deck,Y,Y,Y,Y,N,N
declare,Y,N,N,Y,Y,Y
dedication,Y,Y,Y,Y,N,N
dedo,Y,Y,Y,N,Y,Y
dee,N,N,N,N,N,Y
deem,Y,Y,Y,Y,N,N
deep,Y,Y,Y,N,N,N
defender,Y,Y,Y,N,Y,Y
defensor,Y,Y,N,N,Y,Y
define,Y,Y,Y,N,Y,Y
defy,Y,Y,Y,Y,N,N
Del,N,N,Y,Y,N,N
delator,Y,N,Y,N,Y,Y
delay,Y,N,Y,Y,N,N
dele,Y,N,N,Y,Y,Y
delicioso,Y,Y,Y,N,Y,Y
Delicious,Y,Y,Y,Y,N,N
delivery,Y,Y,Y,Y,N,N
Delta,Y,Y,N,Y,N,N
Demerol,Y,Y,Y,Y,N,N
demi,Y,Y,Y,N,N,N
demos,Y,Y,Y,Y,Y,Y
dengue,N,Y,Y,N,Y,Y
Denis,N,N,Y,Y,N,N
dental,N,Y,N,N,Y,Y
depender,Y,Y,Y,N,Y,Y
depression,Y,Y,Y,Y,N,N
depressor,N,N,N,N,Y,Y
derby,Y,Y,Y,Y,N,N
Derek,Y,N,Y,Y,N,N
descend,Y,Y,Y,N,N,N
design,N,Y,Y,N,Y,Y
designer,Y,N,Y,Y,N,N
desk,Y,Y,Y,Y,N,N
dessa,Y,N,N,Y,Y,Y
detect,Y,Y,Y,Y,N,N
deter,Y,Y,Y,N,Y,Y
determination,Y,Y,Y,Y,N,N
dev,Y,N,Y,Y,N,N
deva,Y,Y,Y,N,Y,Y
devolve,Y,Y,N,N,Y,Y
Dexter,Y,Y,Y,Y,N,N
di,Y,Y,N,Y,N,Y
diabetes,N,Y,N,N,Y,Y
Diadema,N,N,Y,Y,N,N
dial,Y,Y,Y,Y,N,N
Diana,N,N,Y,Y,N,N
Diane,Y,N,Y,Y,N,N
Dick,N,N,Y,Y,N,N
did,Y,Y,Y,N,N,N
die,N,N,Y,N,N,N
Diego,Y,N,Y,Y,N,N
diesel,N,Y,N,N,Y,Y
digital,Y,Y,Y,N,Y,Y
digs,Y,Y,Y,Y,N,N
din,Y,Y,Y,N,N,N
Dinah,Y,N,Y,N,N,N
dinheiro,Y,Y,Y,Y,Y,Y
dinner,Y,Y,Y,Y,N,N
dip,Y,Y,Y,Y,N,N
diploma,Y,Y,Y,N,Y,Y
dire,N,Y,Y,N,N,N
direct,Y,Y,Y,N,N,N
direction,N,Y,Y,Y,N,N
dirigent,Y,Y,Y,Y,N,N
dis,N,Y,Y,N,N,N
disband,Y,Y,Y,Y,N,N
discovered,Y,Y,Y,Y,N,N
discovery,Y,Y,Y,Y,N,N
disk,Y,N,Y,Y,N,N
display,Y,N,Y,Y,N,N
diss,Y,Y,Y,Y,N,N
dissolve,N,N,Y,Y,N,N
distingue,Y,Y,Y,N,Y,Y
disturbed,Y,Y,Y,Y,N,N
dita,Y,Y,Y,N,Y,Y
diva,Y,Y,N,N,Y,Y
divide,Y,Y,Y,Y,Y,Y
divisor,N,Y,Y,N,Y,Y
divorce,N,N,N,N,N,Y
Dixie,Y,Y,Y,Y,N,N
do,Y,Y,N,Y,Y,Y
doc,Y,Y,Y,Y,N,N
dock,Y,N,Y,N,N,N
doctor,Y,Y,Y,Y,N,N
doe,Y,Y,Y,N,N,N
doer,Y,Y,N,Y,Y,Y
does,Y,Y,Y,N,N,N
dog,Y,N,Y,N,N,N
doing,Y,Y,Y,N,N,N
dola,Y,Y,Y,Y,N,N
doll,Y,N,Y,Y,N,N
dollar,N,Y,Y,Y,N,N
dolly,Y,Y,Y,Y,N,N
Dolores,N,Y,Y,Y,N,N
dom,Y,Y,Y,N,Y,Y
dome,Y,N,N,N,Y,Y
dominical,Y,Y,N,N,Y,Y
Dominique,Y,N,Y,Y,N,N
domino,Y,Y,N,N,Y,Y
Don,N,N,Y,N,N,N
Donald,Y,N,Y,Y,N,N
donative,N,N,N,N,N,Y
donkey,Y,Y,Y,N,N,N
Donna,Y,N,N,Y,N,N
Donnie,Y,Y,Y,Y,N,N
doodle,Y,Y,Y,Y,N,N
door,Y,Y,Y,N,N,N
dope,Y,Y,Y,Y,N,N
dor,Y,Y,Y,Y,Y,Y
Dora,N,N,Y,Y,N,N
Dori,Y,N,Y,Y,N,N
doria,Y,Y,Y,Y,N,N
Dorothy,Y,N,Y,Y,N,N
dos,Y,Y,N,Y,Y,Y
dose,Y,Y,Y,Y,Y,Y
Dot,Y,Y,Y,Y,N,N
dote,Y,Y,N,Y,Y,Y
double,Y,Y,Y,N,N,N
doubt,N,Y,Y,N,N,N
douce,Y,Y,Y,Y,N,N
Doug,Y,Y,Y,Y,N,N
dough,Y,Y,Y,Y,N,N
Douglas,N,N,Y,Y,N,N
dout,Y,Y,Y,Y,N,N
down,Y,N,Y,N,N,N
Downton,Y,Y,Y,Y,N,N
doze,Y,Y,Y,Y,Y,Y
Draco,N,N,Y,Y,N,N
draft,Y,N,Y,Y,N,N
drag,Y,N,Y,N,N,N
dragon,Y,Y,Y,Y,N,N
drake,Y,Y,Y,Y,N,N
drama,Y,Y,Y,N,Y,Y
drawn,Y,Y,Y,Y,N,N
dread,Y,Y,Y,N,N,N
dream,Y,N,Y,N,N,N
Drew,Y,N,Y,Y,N,N
drift,Y,Y,Y,Y,N,N
drifting,Y,Y,Y,Y,N,N
drink,Y,Y,Y,N,N,N
drive,Y,N,Y,Y,N,N
driver,Y,N,Y,N,N,N
drone,Y,Y,Y,Y,N,N
drop,Y,Y,Y,Y,N,N
drupal,Y,Y,Y,Y,N,N
dry,Y,N,Y,N,N,N
dude,Y,Y,Y,Y,N,N
dum,N,Y,Y,N,N,N
duma,Y,N,N,Y,Y,Y
dump,Y,Y,Y,Y,N,N
Duncan,Y,N,Y,Y,N,N
dunk,Y,Y,Y,Y,N,N
duo,N,N,Y,Y,N,N
dupla,Y,Y,Y,N,Y,Y
duplex,Y,Y,Y,Y,N,N
dura,Y,Y,Y,Y,Y,Y
dure,Y,Y,Y,N,Y,Y
duro,Y,Y,Y,N,Y,Y
Dylan,Y,N,Y,Y,N,N
ea,Y,Y,Y,N,N,N
early,Y,Y,Y,N,N,N
earth,N,Y,Y,N,N,N
east,Y,Y,Y,N,N,N
easy,Y,Y,Y,Y,N,N
eats,Y,Y,Y,N,N,N
Ebenezer,N,Y,Y,Y,N,N
echo,Y,Y,Y,Y,N,N
eclipse,Y,Y,N,N,Y,Y
economize,N,N,N,N,Y,Y
ecstasy,N,N,N,N,N,Y
Ed,N,N,Y,N,N,N
Eddie,Y,N,N,Y,N,N
Eden,N,N,Y,N,N,N
Edgar,N,N,Y,Y,N,N
edit,Y,N,Y,Y,N,N
edital,Y,Y,Y,N,Y,Y
edition,Y,Y,Y,Y,N,N
editor,Y,Y,Y,N,Y,Y
editorial,Y,Y,Y,N,Y,Y
Eduardo,N,N,Y,Y,N,N
Edward,Y,N,Y,Y,N,N
eer,Y,Y,Y,Y,N,N
effects,Y,Y,Y,Y,N,N
ego,Y,Y,N,N,Y,Y
eh,N,Y,Y,Y,N,N
eke,Y,Y,Y,Y,N,N
el,N,N,Y,Y,N,N
Elaine,Y,N,Y,Y,N,N
elastica,N,N,N,N,N,Y
Eleanor,Y,N,Y,Y,N,N
Eleazar,N,N,Y,Y,N,N
election,Y,Y,Y,Y,N,N
Eli,Y,N,Y,Y,N,N
Elias,N,N,Y,Y,N,N
Elijah,Y,Y,Y,Y,N,N
elimination,Y,Y,Y,Y,N,N
Elissa,Y,Y,Y,Y,N,N
elite,N,Y,Y,N,Y,Y
Eliza,Y,Y,Y,Y,N,N
Elizabethan,Y,Y,Y,Y,N,N
Ella,Y,N,Y,Y,N,N
elle,N,Y,Y,N,N,N
Ellen,N,N,Y,N,N,N
Elmer,Y,Y,Y,Y,N,N
Eloah,Y,Y,Y,Y,N,N
else,Y,Y,Y,N,N,N
Elvira,N,Y,N,Y,N,N
Elvis,Y,N,N,Y,N,N
em,Y,Y,Y,Y,Y,Y
embargo,Y,Y,Y,N,Y,Y
embed,Y,Y,Y,Y,N,N
embole,N,N,N,N,Y,Y
eme,Y,Y,Y,Y,N,N
emerge,Y,Y,N,N,Y,Y
emergency,Y,Y,Y,Y,N,N
Emily,Y,N,Y,Y,N,N
Emma,N,N,Y,Y,N,N
Emmanuel,Y,N,Y,Y,N,N
Emmett,Y,Y,Y,Y,N,N
emotion,Y,Y,Y,Y,N,N
Empire,Y,N,Y,Y,N,N
en,N,N,Y,N,N,N
encore,N,Y,Y,N,N,N
end,Y,Y,Y,N,N,N
endere,Y,Y,Y,Y,N,N
engine,Y,Y,Y,Y,N,N
English,Y,N,N,Y,N,N
enigma,Y,Y,N,N,Y,Y
enjoy,Y,Y,Y,Y,N,N
Enos,Y,Y,Y,N,N,N
ense,Y,Y,Y,Y,N,N
enter,Y,N,Y,N,N,N
entry,Y,Y,Y,Y,N,N
epic,Y,Y,Y,Y,N,N
epoch,Y,Y,Y,Y,N,N
Equus,Y,Y,Y,Y,N,N
er,N,Y,Y,N,N,N
era,Y,Y,Y,Y,Y,Y
erasure,Y,Y,Y,Y,N,N
Eric,Y,N,Y,Y,N,N
Erica,Y,Y,Y,Y,N,N
Erick,Y,Y,Y,Y,N,N
Erik,Y,N,Y,Y,N,N
Ernest,Y,N,Y,Y,N,N
eros,Y,N,Y,Y,N,N
errata,Y,Y,N,N,Y,Y
es,N,N,Y,N,N,N
escalado,Y,Y,Y,N,Y,Y
escape,Y,Y,N,Y,Y,Y
escolar,Y,Y,Y,N,Y,Y
escudo,Y,Y,Y,Y,Y,Y
esoterica,N,N,N,N,N,Y
especial,Y,Y,Y,N,Y,Y
ess,Y,Y,Y,Y,N,N
essence,N,Y,Y,Y,N,N
estadio,N,N,N,N,N,Y
estado,Y,Y,Y,Y,Y,Y
Esther,Y,N,Y,Y,N,N
estrange,Y,Y,Y,Y,N,N
eta,Y,N,Y,Y,N,N
eu,Y,Y,Y,Y,Y,Y
euphoria,Y,Y,Y,Y,N,N
Europa,Y,Y,Y,N,N,Y
Eva,N,N,Y,N,N,N
Evan,Y,N,Y,Y,N,N
evanescence,Y,Y,Y,Y,N,N
Eve,N,Y,Y,N,N,N
Evelyn,Y,N,Y,Y,N,N
evens,Y,Y,Y,Y,N,N
ever,N,N,Y,N,N,N
everybody,Y,Y,Y,Y,N,N
evil,Y,Y,Y,N,N,N
ex,Y,Y,Y,N,Y,Y
excelente,Y,Y,Y,Y,Y,Y
excellence,Y,Y,Y,Y,N,N
excited,Y,Y,Y,Y,N,N
exemplar,Y,Y,Y,N,Y,Y
expand,Y,Y,Y,Y,N,N
experience,Y,Y,Y,N,N,N
experimental,Y,Y,Y,N,Y,Y
expert,N,Y,N,N,N,Y
explode,Y,Y,N,N,Y,Y
extended,Y,N,Y,Y,N,N
exterior,Y,Y,Y,N,Y,Y
extra,Y,Y,Y,N,Y,Y
extreme,Y,Y,Y,Y,N,N
ey,Y,Y,Y,N,N,N
eye,N,Y,Y,Y,N,N
fa,Y,Y,Y,N,N,N
face,Y,Y,Y,Y,Y,Y
facial,N,Y,N,N,Y,Y
fact,Y,Y,Y,Y,N,N
factor,Y,Y,N,Y,N,N
fag,Y,Y,Y,Y,N,N
Fahrenheit,Y,Y,Y,Y,N,N
fail,Y,Y,Y,N,N,N
fake,Y,Y,Y,N,N,N
Falco,Y,Y,Y,Y,N,N
fall,Y,Y,Y,N,N,N
falling,Y,Y,Y,Y,N,N
Fama,Y,Y,N,N,N,Y
familia,N,Y,N,N,N,Y
familiar,Y,Y,Y,N,Y,Y
family,Y,N,Y,Y,N,N
fan,Y,Y,Y,Y,N,N
fandom,Y,Y,Y,Y,N,N
fanning,Y,Y,Y,Y,N,N
Fanny,N,N,N,Y,N,N
fantasia,Y,Y,Y,N,Y,Y
fantasie,Y,Y,Y,Y,N,N
fantastico,N,N,N,N,N,Y
far,N,N,Y,N,N,N
fardo,Y,Y,N,N,Y,Y
faro,N,N,Y,Y,N,N
fashion,N,N,Y,N,N,N
fast,Y,Y,Y,N,N,N
fatal,Y,Y,N,N,Y,Y
Fatima,Y,Y,Y,Y,N,N
favor,Y,Y,Y,Y,Y,Y
favorite,Y,Y,Y,Y,N,N
faze,N,N,Y,N,N,N
fazenda,Y,Y,Y,Y,Y,Y
fe,N,N,N,N,N,Y
fear,N,Y,Y,N,N,N
feat,Y,Y,Y,Y,N,N
feature,Y,Y,Y,Y,N,N
February,Y,Y,Y,Y,N,N
fed,Y,Y,Y,N,N,N
federal,Y,Y,Y,N,Y,Y
Fedora,Y,Y,Y,Y,N,N
feed,Y,Y,Y,N,N,N
feedback,Y,Y,Y,Y,N,N
feel,Y,Y,Y,N,N,N
feeling,Y,Y,Y,Y,N,N
fei,Y,Y,Y,Y,N,N
Felis,N,N,N,N,N,N
Felix,Y,N,Y,Y,N,N
fell,Y,Y,Y,N,N,N
fen,Y,Y,Y,Y,N,N
feria,N,Y,Y,Y,N,N
Fernando,N,N,N,Y,N,N
ferrado,Y,N,N,N,Y,Y
fest,Y,Y,Y,N,N,N
festival,Y,Y,Y,N,Y,Y
fetal,N,Y,Y,N,Y,Y
fez,Y,Y,Y,Y,Y,Y
fi,N,Y,Y,Y,N,N
fiar,Y,Y,Y,N,Y,Y
fiasco,Y,Y,Y,N,Y,Y
fiat,N,Y,Y,Y,N,N
Ficaria,Y,N,N,N,N,Y
fico,Y,Y,N,N,Y,Y
fifth,Y,Y,Y,N,N,N
fight,Y,Y,Y,Y,N,N
fighter,Y,Y,Y,Y,N,N
file,N,Y,Y,Y,N,N
filial,Y,Y,Y,N,Y,Y
film,Y,Y,Y,Y,N,N
fin,N,N,Y,N,N,N
final,Y,Y,Y,N,Y,Y
finale,Y,Y,Y,Y,N,N
finally,Y,Y,Y,Y,N,N
find,Y,Y,Y,N,N,N
finish,Y,Y,Y,N,N,N
fique,Y,Y,Y,Y,Y,Y
fire,Y,N,Y,N,N,N
firework,Y,Y,Y,Y,N,N
first,Y,N,Y,N,N,N
fiscal,Y,Y,Y,N,Y,Y
fish,N,N,N,N,N,N
fit,Y,Y,Y,N,N,N
fitness,Y,Y,Y,Y,N,N
flag,Y,Y,Y,Y,N,N
flame,N,Y,Y,N,N,N
flash,Y,N,Y,Y,N,N
Flavia,Y,Y,Y,Y,N,N
flea,Y,Y,Y,Y,N,N
Fleming,Y,N,Y,Y,N,N
flex,Y,Y,Y,Y,N,N
flip,Y,Y,Y,Y,N,N
float,Y,Y,Y,Y,N,N
floating,Y,Y,Y,Y,N,N
flood,Y,Y,Y,N,N,N
flooder,Y,Y,Y,Y,N,N
floor,Y,Y,N,N,N,N
flop,Y,Y,Y,Y,N,N
flora,Y,Y,N,N,Y,Y
floral,N,Y,N,N,Y,Y
flores,Y,Y,Y,N,Y,Y
Florian,N,Y,Y,Y,N,N
Florida,N,N,N,Y,N,N
Florinda,N,Y,Y,Y,N,N
flow,Y,N,Y,Y,N,N
Floyd,Y,Y,Y,Y,N,N
flu,Y,Y,Y,Y,N,N
flush,Y,Y,Y,Y,N,N
flux,N,Y,Y,Y,N,N
fly,Y,Y,Y,N,N,N
flyer,N,N,N,N,N,Y
Fo,Y,Y,Y,Y,N,N
fod,Y,Y,Y,Y,N,N
foder,N,Y,N,Y,Y,Y
fogo,Y,Y,Y,Y,Y,Y
folder,Y,Y,Y,Y,N,N
folia,Y,Y,Y,N,Y,Y
folk,Y,Y,Y,N,N,N
follow,Y,Y,Y,N,N,N
follower,Y,Y,Y,Y,N,N
following,Y,Y,Y,N,N,N
fondue,Y,N,Y,Y,N,N
font,Y,Y,Y,N,N,N
food,Y,Y,Y,N,N,N
for,N,N,N,N,N,N
fora,Y,Y,Y,Y,Y,Y
force,N,N,Y,N,N,N
fore,Y,Y,Y,Y,N,N
forever,N,Y,Y,N,N,N
form,Y,Y,Y,N,N,N
formula,Y,Y,N,N,Y,Y
forte,Y,Y,Y,Y,Y,Y
forum,N,N,N,N,N,Y
forward,Y,Y,Y,N,N,N
fossa,Y,N,N,N,Y,Y
fosse,Y,Y,Y,Y,Y,Y
fou,N,Y,Y,N,N,N
foundation,Y,Y,Y,Y,N,N
founder,Y,Y,Y,Y,N,N
foursquare,Y,Y,Y,Y,N,N
fox,Y,Y,Y,Y,N,N
fra,Y,Y,Y,N,N,N
fraise,Y,Y,Y,Y,N,N
frame,Y,Y,Y,Y,N,N
Francis,Y,N,Y,Y,N,N
Francisco,N,N,Y,Y,N,N
franco,Y,Y,N,N,Y,Y
Frank,Y,N,Y,Y,N,N
Frankenstein,Y,N,Y,Y,N,N
Franklin,N,N,Y,Y,N,N
frasco,Y,Y,N,N,Y,Y
frase,Y,Y,Y,N,Y,Y
fraternal,Y,N,N,N,Y,Y
freak,Y,Y,Y,Y,N,N
Fred,Y,N,Y,Y,N,N
Freddie,Y,N,Y,Y,N,N
Freddy,Y,N,N,Y,N,N
Frederic,Y,N,Y,Y,N,N
free,Y,N,Y,N,N,N
freeway,Y,Y,Y,Y,N,N
freezer,N,Y,N,N,Y,Y
fresco,Y,Y,Y,N,Y,Y
fresno,Y,Y,Y,Y,N,N
Friday,Y,Y,Y,Y,N,N
friend,Y,Y,Y,N,N,N
Fritz,Y,N,Y,Y,N,N
fro,Y,Y,Y,N,N,N
frog,Y,Y,Y,Y,N,N
from,N,N,Y,N,N,N
front,N,N,Y,N,N,N
frontal,Y,Y,Y,N,Y,Y
frozen,Y,Y,Y,Y,N,N
fu,Y,Y,Y,Y,N,N
fud,Y,Y,Y,N,N,N
fuder,N,N,N,N,N,Y
fuel,Y,Y,Y,Y,N,N
full,N,N,Y,N,N,N
fully,Y,Y,Y,N,N,N
Fultz,Y,Y,Y,Y,N,N
fumado,Y,N,N,N,Y,Y
fun,Y,Y,Y,N,N,N
fundamental,Y,Y,Y,N,Y,Y
funeral,Y,Y,Y,N,Y,Y
fungo,Y,Y,N,N,Y,Y
funk,N,Y,N,N,N,Y
funny,Y,Y,Y,N,N,N
Furlan,Y,Y,Y,Y,N,N
fury,Y,Y,Y,N,N,N
fut,N,N,N,N,N,N
future,N,Y,Y,Y,N,N
ga,Y,Y,Y,Y,N,N
gab,Y,Y,Y,N,N,N
gabi,Y,Y,Y,Y,N,N
Gabriel,N,N,Y,Y,N,N
Gabriella,N,Y,Y,Y,N,N
gadget,Y,N,Y,Y,N,N
Gael,Y,Y,Y,Y,N,N
Gaia,Y,Y,Y,Y,N,N
gal,Y,Y,Y,Y,N,N
gala,Y,Y,N,Y,Y,Y
Gale,Y,N,Y,Y,N,N
galera,Y,Y,Y,N,Y,Y
Galleria,Y,Y,Y,Y,N,N
gamba,N,N,N,N,N,Y
game,Y,N,Y,Y,N,N
gangster,N,Y,N,N,Y,Y
gangue,N,Y,N,N,Y,Y
Gapa,Y,N,Y,Y,N,N
garrafa,Y,Y,Y,N,Y,Y
Gary,N,N,Y,Y,N,N
gas,N,N,N,N,N,Y
Gaspar,N,N,Y,Y,N,N
gata,Y,N,N,N,Y,Y
gauche,N,Y,N,Y,Y,Y
Gaucho,N,N,N,N,N,Y
gay,N,Y,Y,N,Y,Y
gean,Y,Y,Y,Y,N,N
gear,Y,Y,Y,Y,N,N
geek,Y,Y,Y,N,N,N
gel,N,Y,N,N,Y,Y
gelada,Y,Y,N,N,Y,Y
gem,Y,Y,Y,Y,N,N
Gemma,N,N,Y,Y,N,N
gen,Y,Y,Y,N,N,N
gene,N,Y,Y,N,Y,Y
general,Y,Y,Y,N,Y,Y
generalissimo,N,N,N,N,N,Y
generation,Y,N,Y,N,N,N
genial,Y,Y,Y,N,Y,Y
genital,N,N,N,N,Y,Y
genitalia,N,N,N,N,N,Y
genro,Y,Y,Y,Y,Y,Y
gent,N,N,N,Y,N,N
gentes,Y,Y,Y,N,Y,Y
gentleman,N,Y,Y,Y,N,N
geo,N,N,N,N,N,Y
Geordie,Y,Y,Y,Y,N,N
George,N,N,N,Y,N,N
Gerald,Y,N,Y,Y,N,N
germanic,Y,Y,Y,Y,N,N
Gervais,Y,Y,Y,Y,N,N
gesso,Y,Y,N,N,Y,Y
get,Y,Y,Y,N,N,N
getting,Y,Y,Y,N,N,N
ghost,Y,Y,Y,N,N,N
Gi,N,Y,Y,Y,N,N
gib,Y,Y,Y,N,N,N
Gibson,N,N,N,Y,N,N
gif,Y,Y,Y,N,N,N
gift,Y,Y,Y,N,N,N
gig,Y,Y,Y,Y,N,N
Gigi,Y,N,Y,Y,N,N
Gil,N,N,N,Y,N,N
Gilbert,N,N,N,Y,N,N
gim,Y,N,N,N,Y,Y
gimp,Y,Y,Y,Y,N,N
Ginny,Y,Y,Y,Y,N,N
gio,Y,Y,Y,Y,N,N
Giovanni,N,N,Y,Y,N,N
girl,Y,Y,Y,N,N,N
giro,Y,Y,N,N,Y,Y
Giuseppe,Y,N,Y,Y,N,N
give,N,Y,Y,N,N,N
glacial,Y,Y,N,N,Y,Y
glade,Y,Y,Y,Y,N,N
glamour,N,Y,N,N,Y,N
glaucoma,N,N,N,N,Y,Y
glee,Y,Y,Y,Y,N,N
glitter,N,N,N,N,N,Y
global,N,Y,Y,N,Y,Y
Gloria,N,N,Y,Y,N,N
gloss,N,N,N,N,N,Y
gnu,Y,Y,Y,Y,N,N
go,Y,N,Y,N,N,N
goalkeeper,Y,Y,Y,Y,N,N
god,Y,Y,Y,N,N,N
gode,Y,Y,Y,Y,N,N
goes,Y,N,Y,N,N,N
gogo,Y,Y,Y,Y,N,N
gol,N,Y,Y,N,Y,Y
gola,Y,N,N,N,Y,Y
gold,Y,Y,Y,N,N,N
golf,N,N,N,N,N,Y
golpe,Y,Y,Y,N,Y,Y
Goma,N,N,N,N,N,Y
gon,Y,Y,Y,N,N,N
gone,N,Y,Y,N,N,N
goo,Y,Y,Y,Y,N,N
good,N,Y,Y,N,N,N
goofy,Y,Y,Y,Y,N,N
gool,Y,Y,Y,Y,N,N
gora,Y,Y,Y,Y,N,N
gospel,N,Y,Y,N,Y,Y
gossip,Y,Y,Y,Y,N,N
got,Y,Y,Y,N,N,N
Gotham,Y,Y,Y,Y,N,N
gourmet,Y,Y,Y,Y,N,N
grace,Y,Y,Y,N,N,N
grade,Y,N,N,N,Y,Y
grader,Y,Y,Y,Y,N,N
gradual,Y,Y,Y,N,Y,Y
Graham,Y,N,Y,Y,N,N
grama,Y,Y,Y,N,Y,Y
granada,Y,N,Y,N,Y,Y
granny,Y,Y,Y,Y,N,N
Grant,Y,N,N,Y,N,N
graphic,Y,Y,Y,Y,N,N
gratis,N,N,N,N,N,Y
grave,Y,Y,Y,Y,Y,Y
great,N,Y,Y,N,N,N
greedy,Y,Y,Y,Y,N,N
Greek,Y,Y,Y,Y,N,N
green,Y,N,Y,N,N,N
Greg,Y,Y,Y,Y,N,N
grego,Y,Y,N,N,Y,Y
Gregory,Y,N,Y,Y,N,N
Gretchen,N,Y,Y,Y,N,N
Gretel,Y,Y,Y,Y,N,N
grey,Y,Y,Y,Y,N,N
grid,Y,N,N,Y,N,N
grind,Y,Y,Y,Y,N,N
gringo,N,Y,N,N,Y,Y
gripe,N,Y,Y,N,Y,Y
groove,Y,N,Y,Y,N,N
gros,N,Y,Y,N,N,N
grosso,Y,Y,Y,N,Y,Y
group,Y,Y,Y,N,N,N
guara,Y,Y,Y,Y,N,N
guarana,N,N,N,N,N,Y
Guarani,N,N,N,Y,N,N
guardo,Y,N,N,N,Y,Y
guess,Y,Y,Y,Y,N,N
gugu,Y,Y,Y,Y,N,N
Guido,N,N,Y,Y,N,N
guild,Y,Y,Y,Y,N,N
guilty,Y,Y,Y,N,N,N
guitar,Y,Y,Y,Y,N,N
gula,Y,Y,N,N,Y,Y
Gunter,Y,Y,Y,Y,N,N
Gunther,Y,N,Y,Y,N,N
guru,N,Y,N,N,Y,Y
Gus,Y,N,Y,Y,N,N
guy,Y,Y,Y,N,N,N
guz,Y,Y,Y,Y,N,N
Gwen,Y,Y,Y,Y,N,N
gym,Y,Y,Y,Y,N,N
gyn,Y,Y,Y,Y,N,N
ha,N,N,N,N,N,N
habeas,N,N,Y,Y,N,N
habitual,Y,Y,Y,N,Y,Y
hack,Y,Y,Y,Y,N,N
hacker,Y,Y,Y,Y,N,N
hag,Y,Y,Y,Y,N,N
haikai,Y,Y,Y,Y,N,N
hair,Y,Y,Y,Y,N,N
half,Y,Y,Y,N,N,N
hall,Y,N,N,Y,N,N
Halloween,Y,N,Y,Y,N,N
ham,Y,Y,Y,N,N,N
hamburger,N,N,N,N,N,Y
Hamilton,N,N,Y,Y,N,N
Hampshire,Y,Y,Y,Y,N,N
hamster,N,Y,N,N,N,Y
han,Y,Y,Y,N,N,N
hangar,N,Y,N,N,Y,Y
Hannibal,Y,Y,Y,Y,N,N
Hans,N,N,Y,N,N,N
happening,Y,N,N,Y,N,N
happiness,Y,Y,Y,Y,N,N
happy,Y,N,Y,N,N,N
hard,N,N,Y,N,N,N
hardware,N,Y,N,N,Y,Y
hardy,Y,Y,Y,Y,N,N
harmonia,Y,Y,Y,N,Y,Y
harmony,Y,Y,Y,Y,N,N
Harris,Y,N,Y,Y,N,N
Harry,N,N,Y,Y,N,N
Harvard,Y,N,N,Y,N,N
Harvey,Y,N,Y,Y,N,N
hash,Y,Y,Y,Y,N,N
hate,N,Y,Y,N,N,N
hater,Y,Y,Y,Y,N,N
Havana,N,N,N,Y,N,N
have,Y,N,Y,N,N,N
haver,Y,Y,Y,Y,Y,Y
hay,N,Y,Y,Y,N,N
he,N,Y,Y,N,N,N
head,Y,Y,Y,N,N,N
header,Y,Y,Y,Y,N,N
hear,Y,Y,Y,N,N,N
heart,N,Y,Y,N,N,N
hearts,Y,Y,Y,N,N,N
heat,Y,Y,Y,N,N,N
Heather,Y,Y,Y,Y,N,N
heaven,N,Y,Y,N,N,N
heavy,Y,N,Y,Y,N,N
Hector,Y,N,Y,Y,N,N
Hehe,N,N,N,N,N,Y
hei,N,Y,Y,N,N,N
Hein,N,N,N,Y,N,N
Heinz,Y,N,Y,Y,N,N
helder,Y,Y,Y,Y,N,N
Helen,Y,N,Y,Y,N,N
Helena,N,N,Y,Y,N,N
hell,N,Y,Y,N,N,N
Hellen,Y,Y,Y,Y,N,N
hello,Y,Y,Y,Y,N,N
help,Y,N,Y,N,N,N
hem,N,N,Y,N,N,N
hemp,Y,Y,Y,Y,N,N
hen,Y,Y,Y,Y,N,N
Henry,Y,N,Y,Y,N,N
henter,Y,Y,Y,Y,N,N
hepatite,Y,Y,N,N,Y,Y
her,Y,Y,Y,N,N,N
Herbert,Y,N,N,Y,N,N
here,Y,Y,Y,N,N,N
Hermes,N,N,Y,Y,N,N
Hermione,Y,Y,Y,Y,N,N
hero,Y,Y,Y,N,N,N
hetero,N,Y,N,N,N,Y
hexa,N,N,N,N,N,Y
hey,Y,Y,Y,Y,N,N
hi,N,Y,Y,N,N,N
hiatus,Y,Y,Y,Y,N,N
hidden,Y,Y,Y,N,N,N
hide,N,Y,Y,N,N,N
high,Y,N,Y,N,N,N
Hilaria,N,N,N,N,N,Y
hilarious,Y,Y,Y,Y,N,N
Hillary,Y,N,N,Y,N,N
him,N,Y,Y,N,N,N
Hindi,Y,Y,Y,Y,N,N
Hindu,Y,Y,Y,Y,N,N
hip,Y,Y,Y,N,N,N
hiper,N,N,Y,Y,N,N
his,N,Y,Y,N,N,N
history,Y,Y,Y,N,N,N
hit,Y,N,Y,N,N,N
ho,Y,Y,Y,N,N,N
hoax,Y,Y,Y,Y,N,N
hobby,Y,N,Y,Y,N,N
holding,Y,N,Y,Y,N,N
holiday,Y,Y,Y,Y,N,N
Holland,Y,N,Y,Y,N,N
holly,Y,Y,Y,Y,N,N
Hollywood,Y,N,N,Y,N,N
home,Y,N,Y,N,N,N
Homer,Y,Y,Y,Y,N,N
homework,Y,Y,Y,Y,N,N
honey,Y,Y,Y,N,N,N
hookah,Y,Y,Y,Y,N,N
hop,Y,Y,Y,N,N,N
hope,N,Y,Y,Y,N,N
hopi,Y,Y,Y,Y,N,N
hora,Y,Y,Y,N,Y,Y
horizontal,Y,Y,N,N,Y,Y
hormone,Y,Y,Y,Y,N,N
horror,Y,Y,Y,Y,Y,Y
horse,N,Y,Y,N,N,N
hospital,Y,Y,Y,N,Y,Y
hosting,Y,Y,Y,Y,N,N
hot,Y,N,Y,N,N,N
hotel,Y,Y,Y,N,Y,Y
hour,Y,N,Y,Y,N,N
house,Y,Y,Y,N,N,N
hover,Y,Y,Y,Y,N,N
how,Y,Y,Y,N,N,N
Hu,N,N,Y,Y,N,N
huck,Y,Y,Y,Y,N,N
hue,Y,Y,Y,Y,N,N
Hugh,Y,N,Y,Y,N,N
Hugo,N,N,Y,Y,N,N
huh,Y,Y,Y,Y,N,N
hulk,Y,Y,Y,Y,N,N
hum,N,N,Y,Y,N,N
human,N,Y,Y,Y,N,N
humor,Y,Y,Y,N,Y,Y
humoral,N,N,N,N,Y,Y
Hunter,Y,N,Y,Y,N,N
hurricane,N,Y,Y,Y,N,N
hush,Y,Y,Y,Y,N,N
hut,Y,Y,Y,Y,N,N
Ian,Y,N,Y,Y,N,N
ice,Y,Y,Y,Y,N,N
icon,N,N,N,N,N,Y
id,N,Y,Y,Y,N,N
Ida,N,N,N,Y,N,N
idea,N,Y,Y,Y,N,N
ideal,Y,Y,Y,N,Y,Y
idol,Y,Y,Y,Y,N,N
idola,N,N,N,N,N,Y
ie,Y,Y,Y,Y,N,N
if,N,Y,Y,N,N,N
ignore,Y,N,N,Y,Y,Y
ihi,Y,Y,Y,Y,N,N
Ike,Y,Y,Y,Y,N,N
Illinois,Y,N,Y,Y,N,N
image,Y,Y,Y,N,N,N
imagine,Y,Y,N,N,Y,Y
Immanuel,Y,N,Y,Y,N,N
impala,N,N,N,N,N,Y
impeachment,N,Y,Y,N,Y,Y
impede,Y,Y,Y,N,Y,Y
imperial,Y,Y,Y,N,Y,Y
implume,N,N,N,N,Y,Y
import,Y,Y,Y,Y,N,N
important,Y,Y,Y,Y,N,N
impostor,Y,Y,N,N,Y,Y
improviso,Y,Y,Y,N,Y,Y
in,N,N,Y,N,N,N
inappropriate,Y,Y,Y,Y,N,N
inaugural,Y,Y,Y,N,Y,Y
incentive,Y,N,Y,Y,N,N
inclusive,Y,Y,Y,N,Y,Y
Ind,Y,Y,Y,Y,N,N
indeed,Y,Y,Y,N,N,N
India,Y,N,Y,Y,N,N
Indiana,N,N,Y,Y,N,N
indicate,Y,Y,Y,Y,N,N
indication,Y,Y,Y,Y,N,N
indicia,Y,Y,Y,Y,N,N
indigena,N,N,N,N,N,Y
individual,Y,Y,Y,N,Y,Y
indoor,Y,N,Y,Y,N,N
Indra,Y,Y,Y,Y,N,N
indulto,N,Y,N,N,Y,Y
industrial,Y,Y,Y,N,Y,Y
infame,Y,Y,N,N,Y,Y
inferior,Y,Y,Y,N,Y,Y
infernal,Y,Y,N,N,Y,Y
inferno,Y,Y,Y,N,Y,Y
infinity,Y,Y,Y,Y,N,N
influencer,Y,Y,Y,Y,N,N
influenza,Y,N,N,N,Y,Y
informal,N,Y,Y,N,Y,Y
infra,N,N,N,N,Y,Y
ing,Y,Y,Y,Y,N,N
inocular,Y,N,N,N,Y,Y
inside,Y,Y,Y,N,N,N
insomnia,Y,Y,Y,Y,N,N
inspiration,Y,Y,Y,Y,N,N
inspired,Y,Y,Y,Y,N,N
instrumental,Y,Y,Y,N,Y,Y
integral,Y,Y,Y,N,Y,Y
inter,Y,Y,Y,Y,N,N
interaction,Y,Y,Y,Y,N,N
interactive,Y,Y,Y,Y,N,N
intercontinental,N,N,N,N,Y,Y
interface,N,Y,N,N,Y,Y
interior,Y,Y,Y,N,Y,Y
interlocutor,Y,Y,Y,N,Y,Y
intern,Y,Y,Y,Y,N,N
interracial,N,N,N,N,N,Y
interview,Y,Y,Y,Y,N,N
intestinal,N,Y,N,N,Y,Y
intima,Y,N,N,N,Y,Y
into,Y,Y,Y,N,N,N
invade,Y,Y,N,N,Y,Y
invent,Y,Y,Y,Y,N,N
inventor,Y,Y,N,N,Y,Y
inverter,N,Y,Y,N,Y,Y
Ira,Y,Y,Y,N,N,Y
Iran,Y,Y,Y,Y,N,N
Iraq,Y,Y,Y,N,N,N
ire,N,Y,Y,N,N,N
Irena,Y,Y,Y,Y,N,N
Irene,N,N,Y,Y,N,N
iridescent,Y,Y,Y,Y,N,N
Irish,Y,N,Y,Y,N,N
iron,Y,Y,Y,N,N,N
irregular,Y,Y,Y,N,Y,Y
is,N,N,Y,N,N,N
Isaac,N,N,Y,N,N,N
Isabel,N,N,N,Y,N,N
Isabella,Y,N,Y,Y,N,N
Isabelle,Y,N,Y,Y,N,N
Isadora,Y,N,Y,Y,N,N
Isis,Y,Y,Y,Y,N,N
Israel,N,N,N,N,N,N
issue,Y,N,Y,N,N,N
it,N,N,Y,N,N,N
item,Y,Y,Y,N,Y,Y
Ito,N,N,N,Y,N,N
its,Y,Y,Y,N,N,N
Ivan,Y,N,Y,Y,N,N
ivied,Y,Y,Y,Y,N,N
Izzy,Y,Y,Y,N,N,N
jacare,N,N,N,N,N,Y
Jack,N,N,Y,Y,N,N
Jackson,N,N,Y,Y,N,N
Jacob,N,N,N,N,N,N
jacu,N,N,N,N,Y,Y
jade,Y,Y,Y,Y,N,N
jag,Y,Y,Y,N,N,N
Jaime,N,N,Y,Y,N,N
Jake,Y,Y,Y,Y,N,N
Jam,Y,N,Y,Y,N,N
Jamaica,N,N,N,Y,N,N
jamboree,Y,Y,Y,Y,N,N
James,N,N,Y,Y,N,N
Jamie,Y,N,Y,Y,N,N
Jan,Y,N,Y,Y,N,N
Jane,Y,N,Y,Y,N,N
Janice,Y,Y,Y,Y,N,N
jap,Y,Y,Y,Y,N,N
Japan,Y,N,Y,Y,N,N
Japanese,Y,N,Y,Y,N,N
jararaca,Y,N,N,N,Y,Y
Jared,Y,Y,Y,N,N,N
Jason,Y,N,N,Y,N,N
jasper,Y,Y,Y,Y,N,N
jato,Y,Y,Y,N,Y,Y
Java,N,Y,N,Y,N,N
javali,Y,Y,N,N,Y,Y
jay,Y,Y,Y,Y,N,N
jazz,N,Y,Y,N,Y,Y
jazzy,Y,Y,Y,Y,N,N
Jean,N,N,Y,Y,N,N
jeans,N,Y,Y,N,Y,Y
jeep,Y,N,Y,Y,N,N
Jeff,Y,N,Y,Y,N,N
Jennifer,Y,Y,Y,Y,N,N
Jenny,N,N,Y,Y,N,N
Jeremias,N,Y,Y,Y,N,N
Jerry,Y,N,Y,Y,N,N
Jerusalem,Y,N,Y,Y,N,N
jess,Y,Y,Y,Y,N,N
Jesse,Y,N,Y,Y,N,N
Jessica,Y,N,Y,Y,N,N
Jessie,Y,Y,Y,Y,N,N
Jesus,Y,Y,Y,N,N,Y
jet,Y,N,Y,Y,N,N
Jezebel,Y,Y,Y,Y,N,N
jhow,Y,Y,Y,Y,N,N
Ji,Y,Y,Y,Y,N,N
Jim,Y,N,Y,Y,N,N
Jimmy,Y,N,N,Y,N,N
Jin,Y,Y,Y,Y,N,N
jingle,Y,N,Y,Y,N,N
Jo,Y,N,Y,N,N,N
job,Y,Y,Y,N,N,N
Jocasta,Y,N,Y,Y,N,N
joe,Y,Y,Y,Y,N,N
Joel,Y,N,Y,Y,N,N
Joey,Y,Y,N,Y,N,N
Johann,Y,N,Y,Y,N,N
Johanna,Y,N,Y,Y,N,N
John,N,N,Y,Y,N,N
Johnny,Y,N,N,Y,N,N
joke,Y,Y,Y,Y,N,N
Jon,Y,N,Y,Y,N,N
Jonas,N,N,Y,Y,N,N
Jonathan,Y,N,Y,Y,N,N
Jones,N,N,Y,Y,N,N
Joni,Y,Y,Y,Y,N,N
Jordan,Y,N,N,N,N,N
Jorge,N,N,Y,Y,N,N
Jose,Y,N,Y,Y,N,N
Joseph,Y,N,Y,N,N,N
Josh,Y,Y,Y,Y,N,N
Joshua,Y,N,Y,Y,N,N
jota,N,N,N,Y,N,Y
journal,N,Y,Y,Y,N,N
journalism,Y,Y,Y,Y,N,N
jow,Y,Y,Y,Y,N,N
joy,Y,Y,Y,Y,N,N
Joyce,Y,N,N,Y,N,N
Ju,Y,Y,Y,Y,N,N
Juan,N,N,Y,Y,N,N
Judas,N,N,Y,N,N,N
judicial,Y,Y,Y,N,Y,Y
Judith,N,N,Y,N,N,N
juice,Y,Y,Y,Y,N,N
juicy,Y,Y,Y,Y,N,N
juju,Y,Y,Y,Y,N,N
jukebox,Y,N,Y,Y,N,N
Jules,N,Y,Y,Y,N,N
Julia,N,N,Y,Y,N,N
Julian,Y,N,Y,Y,N,N
Juliana,N,N,Y,Y,N,N
Juliane,Y,Y,Y,Y,N,N
Julie,N,N,Y,Y,N,N
julio,Y,Y,Y,Y,N,N
jump,Y,Y,Y,Y,N,N
Jun,Y,Y,Y,Y,N,N
junior,Y,Y,Y,Y,N,N
junta,Y,Y,Y,N,Y,Y
junto,Y,Y,Y,Y,Y,Y
Jupiter,N,N,Y,Y,N,N
Jura,Y,Y,N,Y,N,Y
just,Y,Y,Y,N,N,N
justice,N,Y,Y,N,N,N
Justin,Y,N,Y,Y,N,N
justo,Y,Y,Y,Y,Y,Y
Justus,N,N,Y,Y,N,N
juventude,Y,Y,Y,N,Y,Y
Kadu,Y,Y,Y,Y,N,N
kai,Y,Y,Y,N,N,N
kaiser,Y,Y,Y,Y,N,N
kaka,Y,Y,Y,Y,N,N
kame,Y,Y,Y,Y,N,N
Kamel,Y,Y,Y,N,N,N
karaoke,N,N,N,N,N,Y
karate,N,N,N,N,N,Y
Karen,Y,N,Y,N,N,N
Karl,Y,N,Y,Y,N,N
karma,N,Y,N,N,N,Y
kat,Y,Y,Y,Y,N,N
Kate,N,N,Y,Y,N,N
kath,Y,Y,Y,Y,N,N
Kathy,Y,N,Y,Y,N,N
Katy,Y,Y,Y,Y,N,N
Kaw,Y,Y,Y,Y,N,N
Kay,Y,N,Y,Y,N,N
keep,Y,Y,Y,N,N,N
keet,Y,Y,Y,Y,N,N
Keith,Y,N,Y,Y,N,N
Kelly,N,N,Y,Y,N,N
Kemal,Y,Y,N,Y,N,N
Ken,Y,N,Y,Y,N,N
kent,Y,Y,Y,Y,N,N
ketchup,N,N,N,N,Y,Y
keto,Y,Y,Y,Y,N,N
Kevin,Y,N,Y,Y,N,N
Kids,Y,N,Y,Y,N,N
Kiki,Y,Y,Y,Y,N,N
kill,Y,Y,Y,N,N,N
killer,Y,Y,Y,Y,N,N
kilo,N,N,N,N,N,Y
kim,Y,Y,Y,Y,N,N
Kimberly,Y,Y,Y,Y,N,N
King,N,N,Y,N,N,N
kiss,Y,Y,Y,N,N,N
kit,Y,N,N,Y,N,N
kitar,Y,Y,Y,Y,N,N
kitty,Y,Y,Y,N,N,N
kiwi,N,N,N,N,Y,Y
Klan,Y,Y,Y,Y,N,N
knife,Y,Y,Y,N,N,N
knock,Y,Y,Y,Y,N,N
know,N,Y,Y,N,N,N
ko,Y,Y,Y,Y,N,N
kodak,Y,Y,Y,Y,N,N
Korean,Y,Y,Y,Y,N,N
kra,Y,Y,Y,Y,N,N
kras,Y,Y,Y,Y,N,N
Kristen,Y,Y,Y,Y,N,N
kung,Y,Y,Y,Y,N,N
Kurt,Y,N,Y,Y,N,N
la,Y,Y,Y,Y,Y,Y
lab,Y,Y,Y,Y,N,N
label,N,Y,Y,Y,N,N
labial,N,N,N,N,Y,Y
Labrador,N,Y,N,N,N,Y
lactose,N,N,N,N,Y,Y
ladies,N,Y,Y,N,N,N
lady,N,Y,Y,N,N,N
ladybug,Y,Y,Y,Y,N,N
lagarto,Y,Y,N,N,Y,Y
lama,Y,Y,Y,N,Y,Y
lamber,Y,N,N,N,Y,Y
Lambert,N,Y,Y,Y,N,N
lamp,N,Y,Y,N,N,N
lan,Y,Y,Y,N,N,N
Lana,Y,N,Y,Y,N,N
lance,Y,Y,Y,N,Y,Y
lances,Y,Y,Y,N,Y,Y
lancha,Y,N,Y,N,Y,Y
Lao,N,Y,Y,Y,N,N
lap,Y,Y,Y,Y,N,N
lapse,Y,Y,Y,Y,N,N
lar,Y,Y,N,N,Y,Y
large,Y,Y,Y,N,N,N
largo,Y,Y,Y,N,Y,Y
lari,Y,Y,Y,Y,N,N
Larry,Y,N,N,Y,N,N
Lars,Y,N,Y,Y,N,N
larva,Y,N,N,N,Y,Y
lascar,N,N,N,N,Y,Y
laser,N,Y,Y,N,Y,Y
lasque,N,N,N,N,Y,Y
last,Y,Y,Y,N,N,N
lata,Y,Y,Y,N,Y,Y
late,Y,N,N,N,Y,Y
later,Y,Y,Y,N,N,N
lateral,Y,Y,Y,N,Y,Y
Latin,Y,N,Y,Y,N,N
latitude,Y,Y,N,N,Y,Y
launcher,Y,Y,Y,Y,N,N
Laura,N,N,Y,Y,N,N
Laurent,N,N,Y,Y,N,N
lava,Y,Y,Y,N,Y,Y
law,Y,N,Y,N,N,N
Lawrence,Y,N,Y,Y,N,N
lay,Y,Y,Y,N,N,N
layout,N,Y,N,N,Y,Y
lazy,Y,Y,Y,Y,N,N
Lea,Y,Y,Y,N,N,N
lead,Y,Y,Y,N,N,N
leader,N,Y,Y,Y,N,N
leal,Y,Y,Y,N,Y,Y
learning,Y,Y,Y,Y,N,N
leasing,Y,N,Y,Y,N,N
leave,Y,Y,Y,N,N,N
Lee,Y,N,Y,Y,N,N
leg,Y,Y,Y,Y,N,N
legal,Y,Y,Y,N,Y,Y
legenda,Y,Y,Y,N,Y,Y
legendary,Y,Y,Y,Y,N,N
legging,N,N,N,N,N,Y
lei,Y,Y,Y,N,Y,Y
Leila,Y,N,N,Y,N,N
lek,Y,Y,Y,Y,N,N
lemon,Y,Y,Y,Y,N,N
lemonade,Y,Y,Y,Y,N,N
Lenny,Y,N,Y,Y,N,N
leno,Y,Y,Y,Y,N,N
lent,Y,Y,Y,Y,N,N
lento,Y,Y,Y,N,Y,Y
Leo,Y,N,Y,Y,N,N
Leon,Y,N,Y,Y,N,N
Leonard,Y,N,Y,Y,N,N
Ler,Y,Y,N,N,N,Y
Les,N,N,Y,N,N,N
less,Y,Y,Y,Y,N,N
let,Y,Y,Y,N,N,N
Leto,Y,N,Y,Y,N,N
leu,Y,Y,Y,N,Y,Y
lev,N,N,N,N,N,N
level,Y,Y,Y,Y,N,N
Levi,N,N,N,N,N,N
levir,Y,Y,Y,Y,N,N
levo,Y,Y,N,N,Y,Y
levy,Y,Y,Y,Y,N,N
Lewis,Y,N,Y,Y,N,N
Lex,Y,Y,Y,Y,N,N
lexia,N,N,N,N,Y,Y
li,Y,Y,Y,Y,Y,Y
liar,Y,Y,Y,Y,N,N
liberal,Y,Y,Y,N,Y,Y
libertine,Y,Y,Y,Y,N,N
libido,N,Y,N,N,Y,Y
libra,Y,Y,Y,N,Y,Y
lie,Y,Y,Y,N,N,N
life,N,Y,Y,N,N,N
ligas,Y,Y,N,N,Y,Y
light,Y,N,Y,N,N,N
lija,Y,Y,Y,Y,N,N
like,N,Y,Y,N,N,N
Lilian,Y,N,Y,Y,N,N
Lilith,Y,Y,Y,Y,N,N
lily,Y,Y,Y,Y,N,N
Lima,N,N,N,Y,N,N
limbo,Y,Y,N,N,Y,Y
Lin,Y,N,Y,Y,N,N
Lincoln,N,N,Y,Y,N,N
Linda,Y,Y,N,N,N,Y
lindo,Y,Y,N,N,Y,Y
Lindsay,Y,Y,Y,Y,N,N
line,Y,N,Y,Y,N,N
ling,N,Y,Y,Y,N,N
lingerie,N,Y,N,N,Y,Y
lingua,N,N,N,N,N,Y
linha,Y,Y,Y,N,Y,Y
link,Y,Y,Y,Y,N,N
links,Y,Y,Y,Y,N,N
Lionel,Y,N,Y,Y,N,N
lipa,N,Y,Y,Y,N,N
liquid,Y,Y,Y,Y,N,N
Lisa,N,N,Y,Y,N,N
list,Y,Y,Y,Y,N,N
listener,Y,Y,Y,Y,N,N
listening,Y,Y,Y,Y,N,N
lit,Y,Y,Y,N,N,N
lite,Y,Y,Y,Y,N,N
literal,Y,Y,N,N,Y,Y
little,Y,N,Y,N,N,N
Liv,Y,Y,Y,Y,N,N
live,N,N,N,Y,N,Y
living,Y,Y,Y,N,N,N
livre,Y,Y,Y,Y,Y,Y
Liz,Y,N,Y,Y,N,N
lo,N,N,N,N,N,N
loading,Y,Y,Y,Y,N,N
lobby,Y,N,N,Y,N,N
lobo,Y,Y,Y,Y,Y,Y
loca,Y,Y,Y,Y,N,N
local,Y,Y,Y,N,Y,Y
location,Y,Y,Y,Y,N,N
lock,Y,Y,Y,Y,N,N
loco,N,Y,N,N,Y,Y
locomotor,N,N,N,N,Y,Y
locutor,N,Y,Y,N,Y,Y
loft,Y,Y,Y,Y,N,N
log,Y,Y,Y,N,N,N
login,N,N,Y,N,N,Y
logos,N,Y,N,N,Y,Y
loka,N,N,N,N,N,Y
Lola,Y,N,N,Y,N,N
lollipop,Y,Y,Y,Y,N,N
Lolo,Y,Y,Y,Y,N,N
Londres,N,N,N,Y,N,N
long,N,N,Y,N,N,N
longa,Y,Y,Y,N,Y,Y
longe,Y,Y,Y,Y,Y,Y
longitude,N,Y,N,N,Y,Y
look,Y,N,Y,N,N,N
looking,Y,Y,Y,N,N,N
loop,Y,Y,Y,Y,N,N
looping,Y,N,Y,Y,N,N
loose,Y,Y,Y,N,N,N
lop,Y,Y,Y,Y,N,N
lora,Y,Y,Y,Y,N,N
lord,N,Y,Y,N,N,N
lore,Y,Y,Y,Y,N,N
Loren,Y,N,Y,Y,N,N
Lorenzo,Y,N,Y,Y,N,N
loser,Y,Y,Y,Y,N,N
lost,N,Y,Y,Y,N,N
lot,Y,Y,Y,Y,N,N
lota,N,N,Y,N,Y,Y
lote,Y,Y,Y,N,Y,Y
Lotte,Y,N,Y,Y,N,N
Lou,Y,N,Y,Y,N,N
Louie,Y,N,Y,Y,N,N
Louis,N,N,Y,Y,N,N
lounge,Y,Y,Y,Y,N,N
louvar,Y,N,Y,N,Y,Y
love,N,N,Y,N,N,N
lover,Y,Y,Y,Y,N,N
loving,Y,Y,Y,N,N,N
low,Y,Y,Y,Y,N,N
Lu,Y,Y,Y,Y,N,N
Luba,Y,Y,Y,Y,N,N
Luc,Y,N,Y,Y,N,N
Lucia,N,N,Y,Y,N,N
Luciana,Y,N,Y,Y,N,N
Lucifer,Y,Y,Y,Y,N,N
luck,Y,Y,Y,Y,N,N
lucky,Y,Y,Y,Y,N,N
Lucy,Y,N,Y,Y,N,N
Ludwig,Y,N,Y,Y,N,N
Luis,N,N,Y,Y,N,N
Lukas,Y,Y,Y,Y,N,N
Luke,Y,Y,Y,Y,N,N
Lula,Y,N,N,Y,N,N
Lulu,N,N,Y,Y,N,N
lunar,Y,Y,Y,N,Y,Y
lunch,N,Y,Y,N,N,N
lupus,N,N,N,N,N,Y
lut,Y,Y,Y,Y,N,N
lute,Y,N,N,N,Y,Y
Luther,Y,N,Y,N,N,N
lux,N,Y,Y,Y,N,N
ly,Y,Y,Y,Y,N,N
lying,Y,Y,Y,N,N,N
Lyon,N,N,N,Y,N,N
ma,N,N,Y,N,N,N
Mac,N,N,N,Y,N,N
macaco,Y,Y,Y,N,Y,Y
machine,Y,Y,Y,Y,N,N
mack,Y,Y,Y,Y,N,N
macro,Y,N,Y,Y,N,N
mad,Y,Y,Y,N,N,N
madame,Y,Y,N,N,Y,Y
made,Y,N,Y,N,N,N
madeline,Y,Y,Y,Y,N,N
madness,Y,Y,Y,Y,N,N
mado,Y,Y,Y,Y,N,N
Madonna,Y,N,N,Y,N,N
Madrid,N,N,N,Y,N,N
maduro,Y,Y,N,N,Y,Y
mae,N,N,N,N,N,Y
maestro,Y,Y,N,N,Y,Y
mag,Y,Y,Y,N,N,N
magazine,N,N,N,N,Y,Y
Maggie,Y,Y,Y,Y,N,N
magi,Y,Y,Y,Y,N,N
magic,Y,Y,Y,N,N,N
magnifico,N,N,N,N,Y,Y
magnitude,Y,Y,Y,N,Y,Y
magnum,N,N,Y,Y,N,N
Magnus,Y,N,Y,Y,N,N
Mah,Y,Y,Y,Y,N,N
Mahmoud,N,Y,Y,Y,N,N
Maia,N,N,N,Y,N,N
maiden,Y,Y,Y,N,N,N
mail,Y,Y,Y,Y,N,N
main,Y,Y,Y,N,N,N
majesty,Y,Y,Y,Y,N,N
Major,N,N,N,Y,N,N
make,N,N,Y,N,N,N
maker,N,Y,Y,Y,N,N
maki,Y,Y,Y,Y,N,N
making,N,Y,Y,Y,N,N
mal,Y,Y,Y,Y,Y,Y
mala,Y,Y,N,N,Y,Y
male,Y,Y,Y,N,N,N
malik,Y,Y,Y,Y,N,N
man,N,N,Y,N,N,N
mana,Y,N,N,N,Y,Y
manager,Y,N,N,Y,N,N
manas,Y,N,N,N,Y,Y
Manchester,N,N,N,Y,N,N
mand,Y,Y,Y,Y,N,N
Mande,Y,Y,N,N,N,Y
mandrake,Y,Y,Y,Y,N,N
mane,Y,Y,Y,Y,N,N
mang,Y,Y,Y,Y,N,N
manga,Y,Y,N,N,Y,Y
Manhattan,Y,N,N,Y,N,N
mania,Y,Y,Y,N,Y,Y
maniac,Y,Y,Y,Y,N,N
manicure,N,Y,N,N,Y,Y
manifesto,Y,Y,Y,N,Y,Y
manipular,Y,Y,N,N,Y,Y
mano,Y,N,N,N,Y,Y
manso,Y,Y,N,N,Y,Y
manter,Y,Y,Y,N,Y,Y
manto,Y,Y,Y,N,Y,Y
mantra,N,N,N,N,Y,Y
manual,Y,Y,Y,N,Y,Y
Manuel,N,N,N,Y,N,N
mao,N,Y,N,N,N,Y
map,Y,Y,Y,Y,N,N
mar,Y,Y,Y,Y,Y,Y
Mara,Y,N,Y,Y,N,N
maraca,N,N,N,N,N,Y
Maranhao,Y,Y,Y,Y,N,N
Marc,Y,N,Y,Y,N,N
Marcel,Y,N,Y,Y,N,N
Marcella,Y,Y,Y,Y,N,N
Marcia,Y,N,Y,Y,N,N
marco,Y,Y,Y,N,Y,Y
Marconi,Y,Y,N,Y,N,N
Marcos,N,N,Y,Y,N,N
marginal,N,Y,Y,N,Y,Y
Margot,Y,N,N,Y,N,N
Mari,Y,N,Y,Y,N,N
Maria,N,N,N,Y,N,N
Mariana,N,N,Y,Y,N,N
Marie,Y,N,Y,Y,N,N
marijuana,N,N,N,N,N,Y
Marilyn,Y,N,Y,Y,N,N
marina,Y,Y,Y,Y,N,N
Mario,Y,N,Y,Y,N,N
Mark,Y,N,N,Y,N,N
marketing,N,Y,Y,N,Y,Y
Marmota,N,Y,Y,Y,N,N
maroon,Y,Y,Y,Y,N,N
marque,N,N,N,N,Y,Y
Mars,Y,N,Y,Y,N,N
Mart,Y,N,Y,Y,N,N
Martha,N,N,Y,Y,N,N
Martin,N,N,Y,Y,N,N
Martinez,N,N,N,Y,N,N
marvel,Y,Y,Y,Y,N,N
Marvin,Y,N,Y,Y,N,N
Mary,N,N,Y,Y,N,N
mas,Y,Y,Y,Y,Y,Y
mascara,N,Y,N,N,Y,Y
mash,Y,Y,Y,Y,N,N
masked,Y,Y,Y,Y,N,N
mass,Y,Y,Y,N,N,N
massa,Y,Y,Y,N,Y,Y
massacre,N,Y,Y,N,Y,Y
master,Y,N,Y,N,N,N
mat,Y,Y,Y,N,N,N
matador,N,Y,N,N,Y,Y
matamata,N,N,N,N,N,Y
Matar,Y,Y,N,N,N,Y
match,Y,Y,Y,Y,N,N
mate,N,Y,Y,Y,N,N
material,Y,Y,Y,N,Y,Y
math,Y,Y,Y,Y,N,N
matinal,Y,Y,N,N,Y,Y
matricula,Y,N,N,N,Y,Y
matricular,Y,Y,N,N,Y,Y
matrix,Y,Y,Y,Y,N,N
matsuri,Y,Y,Y,Y,N,N
Matt,Y,Y,Y,Y,N,N
matte,Y,Y,Y,Y,N,N
matter,Y,Y,Y,N,N,N
mau,Y,Y,Y,Y,Y,Y
Maureen,Y,N,Y,Y,N,N
Maurice,Y,N,Y,Y,N,N
Max,N,N,N,Y,N,N
maximum,Y,Y,Y,Y,N,N
maxwell,Y,Y,Y,Y,N,N
may,N,Y,Y,N,N,N
Maya,Y,Y,Y,Y,N,N
Mayer,Y,N,Y,Y,N,N
mayor,N,Y,Y,Y,N,N
me,Y,Y,Y,Y,Y,Y
mean,Y,Y,Y,N,N,N
Medellin,Y,N,Y,Y,N,N
Media,Y,Y,N,N,N,Y
medical,N,N,N,N,Y,Y
medico,Y,N,N,N,Y,Y
medieval,Y,Y,Y,N,Y,Y
Medina,N,N,Y,Y,N,N
medio,N,N,N,N,N,Y
meet,Y,Y,Y,N,N,N
meeting,N,N,Y,Y,N,N
mein,N,Y,Y,N,N,N
meio,Y,Y,Y,Y,Y,Y
mel,Y,Y,Y,Y,Y,Y
mela,N,N,N,N,Y,Y
melada,N,N,N,N,Y,Y
melanoma,N,N,N,N,Y,Y
Melissa,Y,N,Y,Y,N,N
melodia,Y,Y,Y,N,Y,Y
melodrama,Y,Y,N,N,Y,Y
melody,Y,Y,Y,Y,N,N
membrana,Y,Y,N,N,Y,Y
memo,N,N,N,N,N,N
memoria,N,N,N,N,Y,Y
memorial,Y,Y,N,N,Y,Y
men,N,N,Y,N,N,N
menage,N,N,N,N,N,Y
mensal,Y,Y,Y,N,Y,Y
menstrual,N,Y,N,N,Y,Y
mental,Y,Y,Y,N,Y,Y
mention,Y,Y,Y,N,N,N
mentor,N,Y,N,N,Y,Y
menu,Y,Y,Y,Y,Y,Y
Mercedes,Y,N,N,Y,N,N
Mercury,Y,N,Y,Y,N,N
merel,Y,Y,Y,Y,N,N
Meridional,Y,N,N,N,N,Y
merlin,Y,Y,Y,Y,N,N
mermaid,Y,Y,Y,Y,N,N
mero,Y,Y,Y,N,Y,Y
mesa,Y,Y,Y,N,Y,Y
message,Y,Y,Y,N,N,N
messenger,Y,Y,Y,N,N,N
meta,Y,Y,Y,N,Y,Y
metal,Y,Y,Y,Y,Y,Y
mete,Y,Y,Y,N,Y,Y
meter,Y,Y,Y,N,Y,Y
mew,N,N,N,N,N,Y
Mexican,Y,Y,Y,Y,N,N
mi,Y,Y,Y,Y,Y,Y
Miami,Y,N,N,Y,N,N
mian,Y,Y,Y,Y,N,N
Michael,Y,N,N,Y,N,N
Michel,N,N,Y,Y,N,N
Michelle,Y,N,Y,Y,N,N
Mick,Y,N,Y,Y,N,N
Mickey,Y,N,N,Y,N,N
mico,Y,Y,N,N,Y,Y
micro,N,Y,Y,N,Y,Y
mid,Y,Y,Y,Y,N,N
midnight,N,Y,Y,Y,N,N
midway,Y,Y,Y,Y,N,N
mig,N,Y,Y,N,N,N
Miguel,N,N,N,Y,N,N
mike,Y,Y,Y,Y,N,N
Mikey,Y,Y,Y,Y,N,N
mil,Y,Y,Y,Y,Y,Y
Milan,Y,N,N,Y,N,N
mile,Y,Y,Y,Y,N,N
Miles,Y,N,Y,Y,N,N
milk,Y,Y,Y,N,N,N
mill,N,N,N,N,Y,N
Milla,Y,N,Y,Y,N,N
miller,Y,Y,Y,Y,N,N
millionaire,Y,Y,Y,Y,N,N
Milly,Y,Y,Y,Y,N,N
milo,Y,Y,Y,Y,N,N
mim,Y,Y,Y,Y,Y,Y
mima,N,N,N,N,Y,Y
mime,N,N,N,N,Y,Y
Mimi,N,Y,Y,Y,N,N
Mimosa,Y,N,N,N,N,Y
min,Y,N,N,N,N,N
mina,Y,Y,N,Y,Y,Y
mind,Y,N,Y,N,N,N
Minerva,N,Y,Y,Y,N,N
minima,N,N,N,N,N,Y
minimal,Y,N,Y,Y,N,N
Minnie,Y,Y,Y,Y,N,N
mino,N,N,N,N,Y,Y
minute,N,Y,Y,Y,N,N
Mira,N,Y,N,Y,N,N
Miranda,N,N,N,Y,N,N
mire,N,N,N,N,Y,Y
miro,Y,N,N,N,Y,Y
mirror,Y,Y,Y,Y,N,N
misfit,Y,Y,Y,Y,N,N
miss,N,N,Y,Y,N,N
missal,N,Y,Y,Y,N,N
mister,N,N,N,Y,N,N
mitral,Y,Y,Y,Y,N,N
mix,Y,N,Y,Y,N,N
mixer,Y,N,Y,Y,N,N
Mo,Y,Y,Y,Y,N,N
mob,Y,Y,Y,Y,N,N
mobile,Y,Y,Y,Y,N,N
mocha,Y,Y,Y,Y,N,N
mode,N,Y,Y,Y,N,N
model,Y,N,Y,Y,N,N
Modern,Y,N,Y,Y,N,N
modulo,N,N,N,N,Y,Y
Moe,Y,Y,Y,Y,N,N
Moi,N,Y,Y,N,N,N
Mojo,Y,Y,Y,Y,N,N
mola,Y,Y,N,N,Y,Y
molar,N,Y,N,N,Y,Y
mole,Y,Y,Y,N,Y,Y
molecular,N,Y,N,N,Y,Y
moment,N,Y,Y,N,N,N
mona,Y,Y,Y,Y,N,N
Monday,Y,Y,Y,Y,N,N
money,N,N,Y,N,N,N
Monica,Y,N,Y,Y,N,N
monitor,N,Y,N,N,Y,Y
mono,N,Y,N,N,Y,Y
monotone,N,N,N,N,N,Y
monsieur,N,Y,Y,Y,N,N
monster,Y,Y,Y,Y,N,N
Mont,Y,N,N,N,N,N
montana,Y,Y,Y,Y,N,N
monte,Y,Y,Y,Y,Y,Y
Montes,N,Y,Y,N,N,Y
Monty,Y,N,Y,Y,N,N
moodle,Y,Y,Y,Y,N,N
moon,Y,Y,Y,N,N,N
moonwalker,Y,Y,Y,Y,N,N
Moor,Y,Y,Y,Y,N,N
Moore,N,N,Y,Y,N,N
mor,N,N,Y,N,N,N
mora,Y,Y,Y,Y,Y,Y
moral,Y,Y,Y,N,Y,Y
more,N,N,Y,N,N,N
mores,Y,N,N,N,Y,Y
Morgan,Y,N,Y,Y,N,N
Morgana,Y,Y,Y,Y,N,N
morning,N,N,Y,N,N,N
moro,Y,Y,N,N,Y,Y
mortal,Y,Y,Y,N,Y,Y
Morton,Y,N,Y,Y,N,N
Mosaic,Y,Y,Y,Y,N,N
mosquito,Y,Y,N,N,Y,Y
moss,Y,Y,Y,Y,N,N
mote,N,N,N,Y,N,N
motel,N,Y,N,N,Y,Y
mother,N,Y,Y,N,N,N
motion,Y,N,Y,Y,N,N
motivational,Y,Y,Y,Y,N,N
motor,Y,Y,Y,N,Y,Y
mou,Y,Y,Y,N,N,N
mountain,Y,N,Y,N,N,N
mouse,Y,N,Y,N,N,N
mousse,N,N,N,N,N,Y
move,Y,Y,Y,Y,Y,Y
mover,Y,Y,N,N,Y,Y
movie,Y,Y,Y,Y,N,N
mow,Y,Y,Y,Y,N,N
Mr,N,Y,Y,Y,N,N
Mrs,N,N,Y,Y,N,N
Mru,Y,Y,Y,Y,N,N
mu,Y,Y,Y,N,N,N
much,N,Y,Y,N,N,N
mud,Y,Y,Y,N,N,N
mudar,Y,Y,Y,N,Y,Y
mug,Y,Y,Y,Y,N,N
muleta,Y,Y,N,N,Y,Y
muller,Y,Y,Y,Y,N,N
mullets,N,N,N,N,N,Y
mulligan,Y,Y,Y,Y,N,N
mun,Y,Y,Y,N,N,N
mund,Y,Y,Y,Y,N,N
municipal,Y,Y,Y,N,Y,Y
mural,N,Y,N,N,Y,Y
murder,Y,Y,Y,Y,N,N
Muriel,Y,Y,Y,Y,N,N
Murillo,Y,Y,Y,Y,N,N
murphy,Y,Y,Y,Y,N,N
Murray,N,N,Y,Y,N,N
Musa,Y,Y,N,N,N,Y
Muse,Y,Y,Y,Y,N,N
music,Y,N,Y,N,N,N
musical,Y,Y,Y,N,Y,Y
musico,N,N,N,N,Y,Y
must,Y,N,Y,N,N,N
mute,N,N,N,N,N,Y
my,N,N,Y,N,N,N
myself,Y,Y,Y,N,N,N
na,Y,Y,Y,Y,Y,Y
nail,Y,Y,Y,Y,N,N
Nair,Y,N,Y,Y,N,N
Naja,Y,Y,Y,Y,N,N
nam,N,Y,Y,N,N,N
name,N,N,Y,N,N,N
Nana,N,N,Y,Y,N,N
Nancy,N,N,Y,Y,N,N
Nanda,Y,Y,Y,Y,N,N
Nanny,Y,Y,Y,Y,N,N
Naomi,Y,N,Y,Y,N,N
nap,Y,Y,Y,Y,N,N
narra,Y,Y,Y,N,Y,Y
nary,Y,Y,Y,Y,N,N
nash,Y,Y,Y,Y,N,N
Nassau,Y,N,Y,Y,N,N
nat,Y,Y,Y,Y,N,N
natal,Y,Y,Y,N,Y,Y
Natalie,Y,N,Y,N,N,N
Nate,Y,Y,Y,Y,N,N
Nathan,N,N,Y,Y,N,N
nation,Y,Y,Y,N,N,N
natural,Y,Y,Y,N,Y,Y
nature,N,Y,Y,Y,N,N
nave,Y,Y,Y,N,Y,Y
nay,Y,Y,Y,Y,N,N
Nazi,Y,Y,Y,Y,N,N
ne,Y,Y,N,Y,N,Y
nea,Y,Y,Y,Y,N,N
Neanderthal,Y,Y,Y,Y,N,N
near,Y,Y,Y,N,N,N
neck,Y,Y,Y,N,N,N
nee,Y,Y,Y,Y,N,N
need,Y,Y,Y,N,N,N
neem,N,N,N,N,N,Y
neet,Y,Y,Y,Y,N,N
negro,Y,Y,Y,N,Y,Y
Neil,Y,N,Y,Y,N,N
Nelly,Y,Y,Y,Y,N,N
nelson,Y,Y,Y,Y,N,N
Nemathelminthes,Y,Y,Y,Y,N,N
neo,N,Y,Y,Y,N,N
neon,Y,N,Y,Y,N,N
Nepal,N,N,Y,Y,N,N
Neri,Y,N,Y,Y,N,N
nest,N,Y,Y,Y,N,N
net,Y,Y,Y,Y,N,N
network,N,N,N,N,Y,Y
neuroses,N,Y,N,N,Y,Y
neve,Y,Y,Y,N,Y,Y
never,N,Y,Y,N,N,N
neverland,Y,Y,Y,Y,N,N
Neville,Y,N,Y,Y,N,N
new,N,N,Y,N,N,N
news,Y,Y,Y,N,N,N
newsletter,Y,Y,Y,Y,N,N
next,Y,Y,Y,N,N,N
nexus,Y,Y,Y,Y,N,N
ni,N,Y,Y,N,N,N
Niall,Y,Y,Y,Y,N,N
Nicaragua,Y,Y,Y,Y,N,N
nice,Y,Y,Y,N,N,N
Nicholas,Y,Y,Y,Y,N,N
Nick,Y,N,Y,Y,N,N
nickname,Y,Y,Y,Y,N,N
Nicolas,Y,N,Y,Y,N,N
Nicolo,Y,Y,Y,Y,N,N
night,Y,N,Y,N,N,N
nil,Y,Y,Y,Y,N,N
Nina,Y,N,Y,Y,N,N
Ning,Y,Y,Y,Y,N,N
Ninja,N,Y,N,N,N,Y
nirvana,Y,N,N,N,Y,Y
nix,Y,Y,Y,Y,N,N
no,Y,Y,Y,Y,Y,Y
noa,Y,Y,Y,Y,N,N
Noah,Y,N,Y,N,N,N
nob,Y,Y,Y,Y,N,N
nod,Y,Y,Y,N,N,N
noel,Y,Y,Y,Y,N,N
Noemi,N,Y,Y,Y,N,N
noise,Y,Y,Y,Y,N,N
nome,Y,Y,Y,Y,Y,Y
nominee,Y,Y,Y,Y,N,N
non,N,N,Y,N,N,N
none,Y,Y,Y,N,N,N
nonlinear,N,N,N,N,N,Y
nonsense,Y,N,Y,Y,N,N
Nora,Y,N,Y,Y,N,N
Norah,Y,Y,Y,Y,N,N
norma,Y,Y,Y,N,Y,Y
normal,Y,Y,Y,N,Y,Y
Norman,Y,N,Y,Y,N,N
nostalgia,Y,Y,N,N,Y,Y
not,N,Y,Y,N,N,N
note,Y,Y,N,N,Y,Y
notebook,Y,N,Y,Y,N,N
nova,Y,Y,Y,Y,Y,Y
novel,N,N,Y,Y,N,N
novena,Y,Y,Y,Y,N,N
Novo,Y,Y,Y,N,N,Y
now,Y,Y,Y,N,N,N
nu,Y,Y,Y,Y,Y,Y
nub,Y,Y,Y,Y,N,N
nuclear,N,Y,Y,N,Y,Y
nude,N,N,N,N,N,Y
nuke,Y,Y,Y,Y,N,N
Numa,Y,Y,N,N,N,Y
number,Y,Y,Y,N,N,N
numero,Y,N,N,N,Y,Y
oasis,N,N,N,N,N,Y
observe,Y,Y,N,N,Y,Y
obvious,Y,Y,Y,Y,N,N
ocean,Y,Y,Y,Y,N,N
octopus,Y,Y,Y,Y,N,N
oe,Y,Y,Y,Y,N,N
of,N,N,Y,N,N,N
off,N,N,Y,N,N,N
office,N,Y,Y,N,N,N
official,Y,Y,Y,Y,N,N
oh,N,N,Y,N,N,N
ohm,Y,Y,Y,Y,N,N
oii,N,N,N,N,N,Y
oitava,Y,Y,Y,N,Y,Y
Ok,N,Y,N,N,N,N
Olaf,Y,Y,Y,Y,N,N
old,N,Y,Y,N,N,N
Ole,Y,N,Y,N,N,N
Olga,Y,N,Y,Y,N,N
Oliver,N,N,Y,Y,N,N
Olivia,Y,N,Y,Y,N,N
om,Y,N,Y,N,N,N
Omar,N,N,Y,N,N,N
omega,N,N,N,N,Y,Y
on,N,N,Y,N,N,N
one,Y,N,Y,N,N,N
onion,Y,Y,Y,Y,N,N
only,N,Y,Y,N,N,N
open,N,Y,Y,N,N,N
opera,Y,Y,Y,N,Y,Y
Ophelia,N,Y,Y,Y,N,N
opine,Y,N,N,N,Y,Y
option,Y,Y,Y,Y,N,N
or,N,N,Y,N,N,N
ora,N,N,N,N,N,N
oral,Y,Y,N,N,Y,Y
orange,Y,Y,Y,Y,N,N
orbicular,N,N,N,N,Y,Y
ore,N,N,N,N,Y,Y
organize,N,Y,N,N,Y,Y
orgasm,Y,Y,Y,Y,N,N
orgia,Y,N,Y,N,Y,Y
oriental,Y,Y,Y,Y,Y,Y
original,Y,Y,Y,N,Y,Y
Orlando,Y,N,N,Y,N,N
Orleans,N,N,Y,Y,N,N
os,Y,Y,Y,Y,Y,Y
Oscar,N,N,N,Y,N,N
ose,N,Y,Y,Y,N,N
osmose,N,N,N,N,Y,Y
Otto,N,N,Y,Y,N,N
our,Y,Y,Y,N,N,N
ourselves,Y,Y,Y,N,N,N
out,N,N,Y,N,N,N
outback,Y,Y,Y,Y,N,N
outdoor,Y,N,Y,Y,N,N
outdoors,Y,N,Y,Y,N,N
outlander,Y,Y,Y,Y,N,N
outsight,Y,Y,Y,Y,N,N
ova,N,N,N,N,Y,Y
oval,Y,Y,N,N,Y,Y
over,Y,N,Y,N,N,N
overdose,Y,N,N,Y,N,N
overview,Y,Y,Y,Y,N,N
overwatch,Y,Y,Y,Y,N,N
ow,Y,Y,Y,Y,N,N
Owen,Y,N,Y,Y,N,N
owly,Y,Y,Y,Y,N,N
own,Y,Y,Y,N,N,N
Ozark,Y,Y,Y,Y,N,N
pa,N,N,N,N,N,Y
Pablo,Y,N,Y,Y,N,N
pack,Y,Y,Y,Y,N,N
pad,Y,Y,Y,Y,N,N
padding,Y,Y,Y,Y,N,N
padre,Y,Y,Y,N,Y,Y
paga,Y,Y,Y,N,Y,Y
page,Y,Y,Y,Y,N,N
pager,Y,N,Y,Y,N,N
pagina,Y,N,N,N,Y,Y
pah,N,N,N,N,N,N
pain,N,Y,Y,N,N,N
paint,Y,Y,Y,Y,N,N
pais,Y,Y,Y,Y,Y,Y
pal,N,N,N,N,N,N
palace,Y,Y,Y,Y,N,N
palas,Y,Y,Y,Y,N,N
palatal,Y,Y,Y,Y,N,N
Palermo,Y,Y,Y,N,N,Y
palestra,Y,Y,Y,N,Y,Y
Palladium,Y,Y,Y,Y,N,N
palma,Y,Y,Y,N,Y,Y
palmar,N,N,N,N,Y,Y
palmito,N,N,N,N,Y,Y
palmo,Y,N,N,N,Y,Y
pam,Y,Y,Y,Y,N,N
Pamela,Y,N,Y,Y,N,N
Pan,N,N,Y,Y,N,N
panada,Y,Y,Y,Y,N,N
panda,N,Y,N,N,Y,Y
pandemia,N,Y,N,N,Y,Y
Pandora,N,N,Y,Y,N,N
pane,N,Y,Y,N,N,N
panela,Y,Y,N,N,Y,Y
panic,Y,Y,Y,Y,N,N
panorama,Y,Y,Y,N,Y,Y
pants,Y,Y,Y,Y,N,N
Paola,Y,Y,Y,Y,N,N
papa,Y,Y,Y,N,Y,Y
par,Y,Y,Y,Y,Y,Y
para,Y,Y,Y,Y,Y,Y
parabola,N,N,N,N,N,Y
paradise,Y,Y,Y,Y,N,N
parado,Y,Y,Y,N,Y,Y
parados,Y,Y,N,N,Y,Y
Paraguay,Y,N,Y,Y,N,N
param,N,N,Y,Y,N,N
paranoia,N,N,N,N,Y,Y
paranormal,N,N,N,N,Y,Y
parao,N,N,N,N,N,Y
pare,Y,Y,Y,N,Y,Y
pari,N,Y,Y,Y,N,N
Paris,N,N,N,Y,N,N
park,Y,Y,Y,Y,N,N
parker,Y,Y,Y,Y,N,N
parking,Y,Y,Y,Y,N,N
parlando,N,Y,N,N,Y,Y
Parma,N,N,N,Y,N,N
parody,Y,Y,Y,Y,N,N
Part,N,N,N,N,N,N
particular,Y,Y,Y,N,Y,Y
parto,Y,Y,N,Y,Y,Y
party,Y,Y,Y,N,N,N
Pascal,N,N,Y,Y,N,N
pasmo,N,Y,Y,Y,N,N
pass,Y,Y,Y,N,N,N
passado,Y,Y,Y,N,Y,Y
passe,Y,Y,Y,Y,Y,Y
passo,Y,Y,Y,Y,Y,Y
pastel,Y,Y,Y,N,Y,Y
pastor,Y,Y,Y,Y,Y,Y
pata,Y,Y,N,N,Y,Y
patamar,Y,Y,Y,N,Y,Y
pathy,Y,Y,Y,Y,N,N
pato,Y,Y,N,N,Y,Y
patria,N,N,N,N,N,Y
Patricia,Y,N,Y,Y,N,N
Patrick,Y,N,Y,Y,N,N
patrimonial,N,Y,Y,N,Y,Y
patty,Y,Y,Y,Y,N,N
paty,Y,Y,Y,Y,N,N
pau,Y,Y,Y,N,Y,Y
Paul,N,N,Y,Y,N,N
Paula,N,N,Y,Y,N,N
Paulina,N,N,Y,Y,N,N
Paulinia,Y,Y,Y,Y,N,N
Paulista,Y,Y,Y,N,N,Y
pause,N,N,N,N,Y,Y
pave,N,N,N,N,N,Y
paw,Y,Y,Y,N,N,N
pay,Y,N,Y,N,N,N
pea,N,N,N,Y,N,N
peace,Y,Y,Y,N,N,N
pearl,Y,Y,Y,Y,N,N
peba,N,N,N,N,Y,Y
pedestal,Y,Y,N,N,Y,Y
pedigree,N,N,N,N,Y,Y
Pedro,N,N,N,Y,N,N
peele,Y,Y,Y,Y,N,N
peep,Y,N,Y,Y,N,N
peer,Y,Y,Y,Y,N,N
pega,Y,Y,Y,Y,Y,Y
Pele,N,N,Y,Y,N,N
pelota,Y,Y,N,N,Y,Y
peludo,Y,Y,N,N,Y,Y
pen,Y,Y,Y,Y,N,N
penal,Y,Y,N,N,Y,Y
penalty,Y,Y,Y,Y,N,N
Penelope,Y,Y,Y,Y,N,N
penis,N,N,N,N,N,Y
penta,N,N,N,N,Y,Y
Pentecostal,N,N,N,N,N,Y
people,Y,N,N,N,N,N
pepino,N,Y,N,N,Y,Y
pepperoni,Y,Y,Y,Y,N,N
per,Y,Y,N,N,Y,Y
Perca,N,Y,Y,Y,N,N
percentual,N,Y,Y,N,Y,Y
Percival,Y,Y,Y,Y,N,N
Percy,Y,N,Y,Y,N,N
peres,Y,Y,Y,Y,N,N
perfect,Y,Y,Y,N,N,N
performance,N,Y,Y,N,Y,Y
perfume,Y,Y,Y,N,Y,Y
perianal,Y,Y,Y,Y,N,N
Pericles,Y,Y,Y,Y,N,N
Perla,Y,Y,Y,Y,N,N
peroba,N,N,N,N,Y,Y
perry,Y,Y,Y,Y,N,N
persona,Y,N,Y,Y,N,N
personal,N,Y,N,N,N,Y
Peru,N,N,N,Y,N,N
pes,N,N,N,N,N,Y
pesa,Y,Y,N,Y,Y,Y
peso,Y,Y,Y,Y,Y,Y
peste,Y,Y,N,N,Y,Y
pet,Y,Y,Y,Y,N,N
Peter,Y,N,Y,Y,N,N
petition,Y,Y,Y,Y,N,N
Phil,N,N,Y,Y,N,N
Philippe,N,N,Y,Y,N,N
Philippines,Y,Y,Y,Y,N,N
Phill,Y,Y,Y,Y,N,N
Phillip,Y,N,Y,Y,N,N
Phineas,Y,Y,Y,Y,N,N
Phoenix,Y,N,N,Y,N,N
photo,Y,Y,Y,Y,N,N
photograph,Y,Y,Y,Y,N,N
photographer,Y,Y,Y,Y,N,N
photography,Y,Y,Y,Y,N,N
phyton,Y,Y,Y,Y,N,N
pi,N,N,N,N,N,Y
pia,Y,N,N,Y,Y,Y
piaba,N,N,N,N,Y,Y
piano,Y,Y,Y,N,Y,Y
pic,N,Y,Y,Y,N,N
pica,Y,N,N,N,Y,Y
pick,N,Y,Y,Y,N,N
pico,Y,Y,Y,N,Y,Y
picture,Y,Y,Y,Y,N,N
pie,Y,Y,Y,Y,N,N
pierce,Y,Y,Y,Y,N,N
piercing,N,N,N,N,N,Y
Pierre,N,N,Y,Y,N,N
Pierrot,Y,Y,Y,Y,N,N
Pieter,Y,N,Y,Y,N,N
pig,Y,Y,Y,Y,N,N
pika,Y,Y,Y,Y,N,N
pike,Y,Y,Y,Y,N,N
pilar,Y,N,N,N,Y,Y
pillow,Y,Y,Y,Y,N,N
Pilot,Y,Y,Y,Y,N,N
Pimenta,N,Y,N,N,N,Y
pin,Y,Y,Y,Y,N,N
pina,Y,Y,Y,Y,N,N
ping,Y,Y,Y,Y,N,N
pink,Y,Y,Y,Y,N,N
pino,Y,Y,N,N,Y,Y
pinta,Y,Y,N,Y,Y,Y
pintado,Y,Y,N,N,Y,Y
pinto,Y,Y,N,N,Y,Y
pintura,Y,Y,Y,N,Y,Y
pipa,Y,N,N,Y,Y,Y
pipe,Y,Y,Y,N,N,N
Piper,Y,Y,Y,Y,N,N
piperno,Y,Y,Y,Y,N,N
pipi,N,Y,N,N,Y,Y
pique,Y,Y,N,N,Y,Y
pir,Y,Y,Y,Y,N,N
piranha,N,Y,Y,N,Y,Y
pirate,Y,Y,Y,Y,N,N
Piro,N,N,N,N,N,Y
piscina,Y,Y,N,N,Y,Y
pisco,N,N,N,N,Y,Y
pise,Y,N,N,N,Y,Y
piso,Y,Y,Y,N,Y,Y
pit,Y,Y,Y,N,N,N
pita,N,Y,Y,Y,N,N
pitanga,Y,N,N,N,Y,Y
Pitta,N,N,Y,Y,N,N
pity,N,Y,Y,Y,N,N
pizza,N,Y,N,N,Y,Y
place,Y,Y,Y,N,N,N
placenta,N,N,N,N,Y,Y
plane,N,N,N,Y,Y,Y
planet,Y,Y,Y,Y,N,N
planeta,Y,Y,Y,N,Y,Y
planta,Y,Y,N,Y,Y,Y
plantar,Y,Y,N,N,Y,Y
plate,Y,Y,Y,N,N,N
platform,Y,Y,Y,Y,N,N
play,Y,N,Y,N,N,N
playback,Y,Y,Y,Y,N,N
playboy,Y,N,Y,Y,N,N
player,Y,Y,Y,Y,N,N
plaza,Y,Y,Y,Y,N,N
please,Y,N,Y,N,N,N
pleasure,Y,N,Y,N,N,N
plebe,Y,N,N,N,Y,Y
plenitude,Y,Y,Y,Y,Y,Y
pleura,N,N,N,Y,Y,Y
plot,Y,Y,Y,Y,N,N
plug,Y,Y,Y,Y,N,N
plural,Y,Y,N,N,Y,Y
plus,N,N,Y,N,N,N
Pluto,Y,Y,Y,Y,N,N
pneumonia,Y,Y,N,N,Y,Y
Po,Y,N,Y,Y,N,N
pocket,N,Y,Y,Y,N,N
poco,Y,N,N,N,N,Y
pod,N,N,N,N,N,N
poe,N,N,N,N,Y,Y
poem,Y,Y,Y,Y,N,N
poha,Y,Y,Y,Y,N,N
point,N,N,Y,N,N,N
pointer,Y,Y,Y,Y,N,N
poison,Y,Y,Y,Y,N,N
poisonous,Y,Y,Y,Y,N,N
poker,Y,N,N,N,N,Y
pol,Y,Y,Y,Y,N,N
polar,Y,N,N,N,Y,Y
Polaroid,Y,N,Y,Y,N,N
Pole,Y,Y,Y,Y,N,N
policial,Y,Y,Y,N,Y,Y
politico,N,N,N,N,Y,Y
politics,Y,Y,Y,Y,N,N
Poll,Y,Y,Y,Y,N,N
polo,N,Y,N,N,Y,Y
poly,Y,Y,Y,N,N,N
pom,Y,Y,Y,Y,N,N
pombo,Y,Y,N,N,Y,Y
poncho,N,Y,N,N,Y,Y
pong,Y,Y,Y,Y,N,N
pont,Y,Y,Y,Y,N,N
pontes,Y,Y,Y,N,Y,Y
ponto,Y,Y,Y,Y,Y,Y
poodle,Y,Y,Y,Y,N,N
pop,N,Y,Y,N,Y,Y
popcorn,Y,Y,Y,Y,N,N
pope,Y,Y,Y,Y,N,N
popular,Y,Y,Y,N,Y,Y
port,N,Y,Y,N,N,N
porta,Y,Y,Y,Y,Y,Y
portable,Y,Y,Y,Y,N,N
portal,Y,Y,Y,N,Y,Y
portfolio,N,Y,Y,N,N,Y
Portia,Y,Y,Y,Y,N,N
porto,Y,Y,Y,Y,Y,Y
Portugal,N,N,N,Y,N,N
Portuguese,Y,Y,Y,Y,N,N
pose,Y,Y,N,Y,Y,Y
poser,Y,Y,Y,N,N,N
posey,Y,Y,Y,Y,N,N
position,Y,N,Y,N,N,N
posse,Y,Y,Y,Y,Y,Y
possession,Y,Y,Y,N,N,N
post,N,N,Y,Y,N,N
postal,Y,Y,Y,N,Y,Y
posted,Y,Y,Y,Y,N,N
poster,N,Y,N,N,N,Y
potato,Y,Y,Y,Y,N,N
pote,Y,Y,N,N,Y,Y
potter,Y,Y,Y,Y,N,N
pour,N,N,Y,N,N,N
pow,Y,N,Y,N,N,N
power,Y,Y,Y,N,N,N
powered,Y,Y,Y,Y,N,N
pratique,N,N,N,N,Y,Y
preces,Y,Y,N,N,Y,Y
precis,Y,Y,Y,Y,N,N
precise,Y,Y,N,N,Y,Y
prejudicial,Y,Y,N,N,Y,Y
premiere,Y,Y,Y,Y,N,N
premium,Y,Y,Y,Y,N,N
prender,Y,Y,Y,N,Y,Y
prepare,Y,Y,N,N,Y,Y
present,Y,Y,Y,N,N,N
preside,Y,Y,Y,N,Y,Y
presidencia,N,N,N,N,N,Y
presidente,Y,Y,Y,N,Y,Y
press,Y,Y,Y,N,N,N
presto,Y,N,N,N,Y,Y
presume,Y,Y,N,N,Y,Y
pretty,Y,Y,Y,N,N,N
pretzel,N,N,N,N,N,Y
preview,Y,Y,Y,Y,N,N
Price,Y,N,Y,Y,N,N
priceless,Y,Y,Y,Y,N,N
priest,Y,Y,Y,N,N,N
prill,Y,Y,Y,Y,N,N
prim,N,N,N,N,N,N
prima,Y,Y,Y,N,Y,Y
primavera,Y,Y,N,N,Y,Y
prime,Y,Y,Y,Y,N,N
prince,Y,Y,Y,N,N,N
princess,Y,Y,Y,Y,N,N
principal,Y,Y,Y,N,Y,Y
print,Y,Y,Y,Y,N,N
prison,Y,Y,Y,N,N,N
priss,Y,Y,Y,Y,N,N
privilege,Y,Y,Y,Y,N,N
pro,N,Y,Y,Y,N,N
prob,Y,Y,Y,Y,N,N
problem,Y,Y,Y,Y,N,N
process,Y,Y,Y,N,N,N
procure,Y,Y,N,N,Y,Y
prod,Y,Y,Y,Y,N,N
produce,N,N,N,Y,N,Y
producer,Y,Y,Y,Y,N,N
prof,N,Y,N,N,N,Y
professor,Y,Y,Y,N,Y,Y
profile,Y,Y,Y,Y,N,N
profunda,Y,Y,Y,N,Y,Y
prog,Y,Y,Y,Y,N,N
program,Y,Y,Y,Y,N,N
project,Y,Y,Y,Y,N,N
promissor,N,Y,Y,N,Y,Y
promotor,Y,Y,N,N,Y,Y
pronto,Y,Y,Y,N,Y,Y
pronunciamento,Y,Y,Y,N,Y,Y
proo,Y,Y,Y,Y,N,N
prop,Y,Y,Y,Y,N,N
propaganda,Y,Y,Y,N,Y,Y
protege,Y,Y,Y,N,Y,Y
protocolar,N,Y,N,N,Y,Y
protogenes,Y,Y,Y,Y,N,N
prove,Y,N,Y,N,Y,Y
provedor,Y,Y,Y,N,Y,Y
proximo,N,N,N,N,N,Y
proxy,Y,Y,Y,Y,N,N
pseudo,N,N,N,N,Y,Y
psychologically,Y,Y,Y,Y,N,N
pu,N,Y,Y,N,N,N
pub,Y,Y,Y,Y,N,N
public,Y,Y,Y,Y,N,N
publisher,Y,Y,Y,Y,N,N
puff,N,N,N,N,N,Y
pule,Y,N,N,N,Y,Y
pump,Y,Y,Y,Y,N,N
punch,Y,N,Y,Y,N,N
punk,Y,Y,N,Y,N,N
punto,Y,Y,Y,Y,N,N
puppet,Y,Y,Y,Y,N,N
purge,Y,Y,Y,Y,N,N
purpose,Y,Y,Y,Y,N,N
pus,N,Y,Y,N,N,N
pussy,Y,Y,Y,Y,N,N
put,Y,Y,Y,N,N,N
python,Y,Y,Y,Y,N,N
qua,N,Y,Y,Y,N,N
quadra,Y,Y,Y,N,Y,Y
quaggy,Y,Y,Y,Y,N,N
quake,Y,Y,Y,Y,N,N
quale,Y,Y,Y,Y,N,N
quant,Y,Y,Y,N,N,N
quanta,N,N,Y,Y,N,N
quarter,Y,Y,Y,N,N,N
quarto,Y,Y,Y,Y,Y,Y
quata,Y,Y,Y,Y,N,N
queen,Y,N,Y,Y,N,N
queer,Y,Y,Y,Y,N,N
quest,N,Y,Y,Y,N,N
question,N,Y,Y,Y,N,N
quick,Y,Y,Y,Y,N,N
quinoa,Y,Y,Y,Y,N,N
quintal,Y,Y,N,N,Y,Y
quinto,Y,Y,Y,Y,Y,Y
quinze,Y,Y,Y,Y,Y,Y
quis,Y,Y,Y,N,Y,Y
Quixote,N,N,Y,Y,N,N
quiz,N,N,N,N,N,Y
quot,Y,Y,Y,Y,N,N
quota,Y,Y,Y,N,Y,Y
quote,N,N,N,N,N,Y
ra,N,Y,Y,N,N,N
Rabin,Y,N,N,Y,N,N
racer,Y,Y,Y,Y,N,N
racial,N,Y,Y,N,Y,Y
radar,N,Y,N,N,Y,Y
radical,Y,Y,Y,N,Y,Y
radio,N,N,N,N,Y,Y
radioactive,Y,Y,Y,Y,N,N
Rafael,N,N,Y,Y,N,N
rage,N,Y,Y,Y,N,N
Raia,N,Y,Y,N,N,Y
railer,Y,Y,Y,Y,N,N
rainbow,Y,Y,Y,N,N,N
Ralf,Y,Y,Y,Y,N,N
Ralph,Y,N,Y,Y,N,N
ram,Y,Y,Y,N,N,N
ramal,N,N,Y,Y,N,N
Rambo,Y,N,Y,Y,N,N
Ramon,Y,N,N,Y,N,N
rancho,Y,N,N,N,Y,Y
rancor,Y,Y,N,N,Y,Y
random,Y,Y,Y,Y,N,N
rank,Y,Y,Y,N,N,N
ranked,Y,Y,Y,Y,N,N
rap,N,Y,Y,N,Y,Y
Raphael,N,N,Y,Y,N,N
rapper,Y,N,Y,Y,N,N
rasa,Y,Y,N,Y,Y,Y
rascal,Y,Y,Y,Y,N,N
rasgado,Y,Y,Y,N,Y,Y
rata,N,Y,N,N,Y,Y
rather,Y,Y,Y,Y,N,N
Raul,N,N,Y,Y,N,N
rave,Y,Y,Y,Y,N,N
raven,Y,Y,Y,N,N,N
Ravi,Y,Y,Y,Y,N,N
ray,Y,Y,Y,Y,N,N
re,Y,Y,N,Y,Y,Y
read,Y,Y,Y,Y,N,N
reader,Y,Y,Y,Y,N,N
reading,Y,Y,Y,Y,N,N
real,Y,Y,Y,N,Y,Y
reality,Y,Y,Y,Y,N,N
realize,Y,N,N,N,Y,Y
really,Y,Y,Y,N,N,N
rebate,Y,Y,Y,N,Y,Y
rebater,Y,Y,Y,N,Y,Y
recall,Y,N,Y,Y,N,N
recent,Y,Y,Y,Y,N,N
recite,Y,N,N,N,Y,Y
reclama,Y,Y,Y,N,Y,Y
record,Y,Y,Y,Y,N,N
recut,Y,Y,Y,Y,N,N
red,Y,N,N,N,N,N
rede,Y,Y,Y,Y,Y,Y
redesign,N,N,N,N,N,Y
redirect,Y,Y,Y,Y,N,N
reel,Y,Y,Y,N,N,N
ref,N,N,N,N,N,Y
refer,N,N,N,N,N,Y
reflection,Y,Y,Y,Y,N,N
reformado,Y,Y,N,N,Y,Y
refugee,Y,Y,Y,Y,N,N
reg,Y,Y,Y,Y,N,N
regime,Y,Y,Y,N,Y,Y
regional,N,Y,Y,N,Y,Y
registrar,Y,Y,N,N,Y,Y
regular,Y,Y,Y,N,Y,Y
Reid,Y,N,Y,Y,N,N
reina,Y,Y,N,N,Y,Y
reis,Y,Y,Y,Y,Y,Y
rel,N,N,N,N,N,Y
relata,Y,Y,Y,N,Y,Y
relationship,Y,Y,Y,Y,N,N
relator,Y,Y,Y,N,Y,Y
relax,Y,Y,Y,Y,N,N
release,Y,N,Y,N,N,N
religion,Y,Y,Y,Y,N,N
remake,Y,N,N,Y,N,N
remember,Y,Y,Y,N,N,n
remix,Y,N,N,Y,N,N
remote,N,Y,N,N,N,Y
remove,N,N,N,Y,Y,Y
remover,Y,N,Y,N,Y,Y
Renaissance,Y,Y,Y,Y,N,N
renal,N,Y,Y,N,Y,Y
render,Y,Y,N,N,Y,Y
repeat,Y,N,Y,Y,N,N
replay,N,N,N,N,Y,N
reply,N,Y,Y,Y,N,N
report,Y,Y,Y,N,N,N
reporter,N,N,N,N,N,Y
reprime,Y,Y,N,N,Y,Y
reprise,Y,N,N,N,Y,Y
research,Y,Y,Y,Y,N,N
reserve,Y,Y,N,N,Y,Y
reset,Y,N,Y,Y,N,N
resident,Y,Y,Y,Y,N,N
resolve,Y,Y,Y,N,Y,Y
resolver,Y,Y,Y,N,Y,Y
resp,Y,Y,Y,Y,N,N
respond,Y,Y,Y,Y,N,N
responde,Y,Y,N,N,Y,Y
responder,Y,Y,Y,Y,Y,Y
response,Y,Y,Y,Y,N,N
rest,N,Y,Y,N,N,N
restart,Y,Y,Y,Y,N,N
result,N,Y,Y,Y,N,N
resume,Y,Y,N,N,Y,Y
ret,Y,Y,Y,Y,N,N
retire,Y,Y,N,N,Y,Y
reune,N,N,N,N,N,Y
revel,Y,Y,Y,Y,N,N
revender,N,Y,N,N,Y,Y
revenge,Y,Y,Y,Y,N,N
revenue,Y,Y,Y,Y,N,N
rever,Y,Y,Y,N,Y,Y
reverter,N,Y,Y,N,Y,Y
review,Y,Y,Y,Y,N,N
revisor,Y,Y,Y,N,Y,Y
revival,N,Y,Y,N,N,Y
revive,Y,Y,N,N,Y,Y
reviver,Y,Y,N,N,Y,Y
revolver,Y,N,N,N,Y,Y
Rex,Y,N,Y,Y,N,N
ria,Y,Y,N,N,Y,Y
ribe,Y,Y,Y,Y,N,N
Ric,Y,Y,Y,Y,N,N
Ricardo,N,N,Y,Y,N,N
Rich,Y,N,Y,Y,N,N
Richard,Y,N,Y,Y,N,N
Rick,Y,N,Y,Y,N,N
Ricky,Y,N,Y,Y,N,N
riem,Y,N,N,N,Y,Y
rift,Y,Y,Y,Y,N,N
right,N,Y,Y,N,N,N
rigor,Y,Y,Y,N,Y,Y
rim,N,N,Y,N,Y,Y
rima,Y,Y,N,N,Y,Y
Rio,Y,Y,Y,N,N,Y
rip,Y,Y,Y,Y,N,N
Rita,N,N,Y,Y,N,N
ritual,Y,Y,Y,N,Y,Y
rival,Y,Y,Y,N,Y,Y
river,Y,Y,Y,N,N,N
Ro,Y,Y,Y,Y,N,N
road,Y,N,Y,N,N,N
roaming,Y,Y,Y,Y,N,N
Rob,Y,N,Y,Y,N,N
Robert,Y,N,Y,Y,N,N
Roberta,Y,N,Y,Y,N,N
Roberto,N,N,Y,Y,N,N
Robin,Y,N,Y,Y,N,N
robot,Y,Y,Y,Y,N,N
Rochelle,N,Y,Y,Y,N,N
rock,N,Y,Y,Y,Y,Y
rockwork,Y,Y,Y,Y,N,N
rocky,Y,Y,Y,Y,N,N
Rod,Y,N,Y,Y,N,N
rode,N,N,N,Y,Y,Y
roer,Y,N,Y,N,Y,Y
Roger,Y,N,Y,Y,N,N
Roland,N,N,Y,Y,N,N
role,N,N,N,N,Y,Y
roll,Y,N,Y,N,N,N
romance,Y,Y,Y,N,Y,Y
Rome,N,Y,Y,Y,N,N
Romeo,Y,N,Y,Y,N,N
romero,Y,Y,Y,Y,N,N
romper,Y,Y,Y,N,Y,Y
Ron,Y,N,Y,Y,N,N
Ronald,Y,N,Y,Y,N,N
ronco,N,N,N,N,Y,Y
rood,Y,Y,Y,Y,N,N
rool,Y,Y,Y,Y,N,N
roommate,Y,Y,Y,Y,N,N
Roosevelt,Y,N,N,Y,N,N
root,Y,Y,Y,Y,N,N
roque,N,N,N,N,Y,Y
Rosa,Y,Y,Y,N,N,Y
Rosalie,Y,Y,Y,Y,N,N
rose,N,Y,Y,N,N,N
ross,Y,Y,Y,Y,N,N
rota,Y,Y,Y,N,Y,Y
rotula,N,N,N,N,Y,Y
rouge,Y,Y,N,N,N,Y
round,N,N,Y,N,N,N
rover,Y,Y,Y,Y,N,N
Rowland,Y,Y,Y,Y,N,N
rox,Y,Y,Y,Y,N,N
Roxy,Y,Y,Y,Y,N,N
royal,Y,Y,Y,N,N,N
Rua,Y,Y,Y,N,N,Y
ruby,Y,Y,Y,Y,N,N
Rudolf,Y,Y,Y,Y,N,N
Rudolph,Y,N,Y,Y,N,N
Rudy,Y,Y,Y,Y,N,N
Rugby,Y,Y,Y,Y,N,N
rum,Y,Y,N,Y,Y,Y
rumor,Y,Y,N,N,Y,Y
run,Y,Y,Y,N,N,N
running,Y,N,Y,N,N,N
rural,Y,Y,Y,N,Y,Y
rush,Y,N,Y,Y,N,N
Russ,Y,Y,Y,Y,N,N
Russell,N,N,Y,Y,N,N
Russia,Y,N,Y,Y,N,N
Ruth,N,N,N,Y,N,N
ryot,Y,Y,Y,Y,N,N
sa,N,Y,Y,N,N,N
Saad,Y,N,Y,Y,N,N
sab,Y,Y,Y,Y,N,N
sabbath,Y,Y,Y,Y,N,N
sabe,Y,Y,Y,Y,Y,Y
saber,Y,Y,Y,Y,Y,Y
Sabia,Y,Y,N,N,N,Y
sabino,Y,Y,Y,Y,N,N
Sabrina,Y,N,Y,Y,N,N
saco,Y,Y,Y,Y,Y,Y
sacrificial,N,N,N,N,N,Y
sad,Y,Y,Y,N,N,N
safari,N,N,N,N,N,Y
safe,Y,Y,Y,N,N,N
saga,N,Y,Y,N,Y,Y
sah,Y,Y,Y,N,N,N
sai,Y,Y,Y,Y,Y,Y
said,Y,Y,Y,N,N,N
sailor,Y,Y,Y,Y,N,N
sain,Y,Y,Y,Y,N,N
saint,Y,Y,Y,Y,N,N
sair,Y,Y,Y,Y,Y,Y
sal,Y,Y,N,Y,Y,Y
saliva,Y,Y,N,N,Y,Y
Salmo,N,N,Y,Y,N,N
salta,N,N,Y,Y,N,N
salve,Y,Y,N,N,N,Y
salvo,Y,Y,Y,Y,Y,Y
Sam,N,N,Y,Y,N,N
Samantha,Y,Y,Y,Y,N,N
samba,N,Y,N,N,Y,Y
sambaqui,Y,Y,Y,Y,N,N
sambar,N,Y,N,N,Y,Y
same,Y,Y,Y,N,N,N
Samir,Y,Y,Y,Y,N,N
Sammy,Y,N,Y,Y,N,N
samp,Y,Y,Y,Y,N,N
Samuel,N,N,Y,Y,N,N
San,N,N,Y,Y,N,N
Sandra,Y,N,N,Y,N,N
Sandy,Y,Y,Y,Y,N,N
Santa,Y,Y,N,N,N,Y
Santiago,N,N,Y,Y,N,N
Santo,Y,Y,N,N,N,Y
Santos,N,N,N,Y,N,N
sao,N,N,N,N,N,Y
sapa,Y,Y,Y,Y,N,N
sapo,Y,Y,N,N,Y,Y
Sara,N,N,N,N,N,N
Sarada,N,N,N,N,N,Y
Sarah,N,N,Y,N,N,N
sarcasm,Y,Y,Y,Y,N,N
sarna,Y,N,N,N,Y,Y
sarra,N,N,N,N,Y,Y
Satan,Y,N,Y,Y,N,N
Saturday,Y,N,Y,Y,N,N
sauce,Y,Y,Y,Y,N,N
Saul,N,N,Y,N,N,N
saum,Y,Y,Y,Y,N,N
save,Y,Y,Y,N,N,N
sawdust,Y,Y,Y,Y,N,N
sax,Y,N,N,Y,N,N
say,Y,Y,Y,N,N,N
scam,Y,Y,Y,Y,N,N
scan,Y,N,Y,Y,N,N
scandal,Y,Y,Y,Y,N,N
Scania,Y,Y,Y,Y,N,N
scanner,N,Y,N,N,Y,N
scarface,Y,Y,Y,Y,N,N
scarlet,Y,Y,Y,N,N,N
Schistosoma,N,N,N,N,N,Y
schizophrenic,Y,Y,Y,Y,N,N
school,Y,Y,Y,Y,N,N
science,N,Y,Y,Y,N,N
Scotch,Y,Y,Y,Y,N,N
Scott,N,N,Y,Y,N,N
scramble,Y,Y,Y,Y,N,N
scrap,Y,Y,Y,Y,N,N
scrapbook,Y,Y,Y,Y,N,N
scream,Y,Y,Y,Y,N,N
screen,Y,N,Y,Y,N,N
script,N,Y,N,N,Y,N
scroll,Y,Y,Y,Y,N,N
scrum,Y,Y,Y,Y,N,N
scup,Y,Y,Y,Y,N,N
se,Y,Y,Y,Y,Y,Y
seal,Y,Y,Y,N,N,N
Sean,Y,N,Y,Y,N,N
search,Y,Y,Y,Y,N,N
season,Y,Y,Y,N,N,N
Sebastian,Y,N,Y,Y,N,N
sec,Y,Y,Y,N,N,N
second,Y,Y,Y,N,N,N
secos,Y,Y,Y,N,Y,Y
secret,N,Y,Y,N,N,N
secreta,Y,Y,Y,N,Y,Y
secreto,Y,Y,Y,Y,Y,Y
secular,Y,Y,N,N,Y,Y
Sedan,N,Y,Y,N,N,N
see,Y,Y,Y,N,N,N
seen,Y,Y,Y,N,N,N
seg,Y,N,N,Y,N,N
selection,Y,N,Y,Y,N,N
Selena,Y,Y,Y,Y,N,N
semeia,Y,N,N,N,Y,Y
semen,N,N,N,N,N,Y
semi,N,Y,Y,Y,N,N
semifinal,N,Y,Y,N,Y,Y
sen,Y,Y,Y,N,N,N
send,Y,Y,Y,N,N,N
Senegal,Y,Y,Y,Y,N,N
Senna,Y,N,N,Y,N,N
senso,Y,Y,N,N,Y,Y
sensor,N,Y,N,N,Y,Y
sensual,Y,N,N,N,Y,Y
sent,Y,Y,Y,N,N,N
sentimental,Y,Y,N,N,Y,Y
September,Y,Y,Y,Y,N,N
septillion,N,N,N,N,N,Y
sequestra,Y,N,Y,Y,N,N
ser,Y,Y,Y,Y,Y,Y
sera,N,N,N,Y,N,Y
Serena,Y,N,Y,N,N,Y
Seres,N,Y,N,N,N,Y
Serge,Y,N,Y,Y,N,N
Sergio,N,N,Y,Y,N,N
serial,N,Y,Y,N,Y,Y
series,N,N,N,N,Y,Y
seringa,Y,Y,N,N,Y,Y
serio,Y,N,N,N,Y,Y
seriously,Y,Y,Y,Y,N,N
serra,Y,Y,N,N,Y,Y
Serrano,Y,N,Y,Y,N,N
serve,Y,Y,Y,Y,Y,Y
server,Y,N,Y,Y,N,N
service,Y,Y,Y,N,N,N
servidor,Y,Y,Y,N,Y,Y
servo,Y,N,N,Y,Y,Y
set,N,N,Y,N,N,N
seta,Y,N,N,N,Y,Y
Seth,Y,N,Y,N,N,N
sevenfold,Y,Y,Y,N,N,N
sex,Y,N,N,N,N,N
sextar,N,N,N,N,N,Y
sexto,Y,Y,Y,Y,Y,Y
sexual,Y,Y,Y,N,Y,Y
sexy,N,Y,Y,Y,Y,Y
sh,Y,Y,Y,N,N,N
Shai,Y,Y,Y,Y,N,N
shake,Y,Y,Y,N,N,N
shame,N,Y,Y,Y,N,N
shampoo,N,N,N,N,N,Y
shape,Y,Y,Y,Y,N,N
share,Y,N,Y,Y,N,N
shark,Y,Y,Y,Y,N,N
Sharon,Y,N,Y,Y,N,N
sharp,Y,Y,Y,N,N,N
shave,Y,Y,Y,N,N,N
shaw,Y,Y,Y,Y,N,N
Shawn,Y,N,Y,Y,N,N
shay,Y,Y,Y,Y,N,N
she,Y,Y,Y,N,N,N
Sheila,Y,N,Y,Y,N,N
shell,Y,Y,Y,Y,N,N
shepherd,Y,Y,Y,N,N,N
Sheraton,Y,N,Y,Y,N,N
sherlock,Y,Y,Y,Y,N,N
shift,Y,Y,Y,Y,N,N
shiny,Y,Y,Y,Y,N,N
ship,Y,Y,Y,N,N,N
shipper,Y,Y,Y,Y,N,N
shippo,Y,Y,Y,Y,N,N
Shirley,Y,N,Y,Y,N,N
Shoa,Y,Y,Y,Y,N,N
shock,Y,Y,Y,Y,N,N
shogun,Y,Y,N,Y,N,N
shoot,Y,Y,Y,Y,N,N
shop,Y,N,Y,Y,N,N
shopper,Y,Y,Y,Y,N,N
shopping,N,Y,Y,N,Y,Y
shore,Y,Y,Y,N,N,N
short,N,N,N,N,Y,Y
shorts,N,Y,N,N,Y,Y
shot,Y,Y,Y,N,N,N
shotgun,Y,Y,Y,Y,N,N
show,N,Y,Y,Y,Y,Y
showcase,Y,Y,Y,Y,N,N
showing,Y,Y,Y,Y,N,N
shown,Y,Y,Y,N,N,N
si,Y,Y,Y,Y,Y,Y
Sia,Y,Y,Y,Y,N,N
sic,N,N,N,Y,N,N
Sid,Y,N,Y,Y,N,N
side,Y,N,Y,N,N,N
Sidney,Y,N,Y,Y,N,N
sie,Y,Y,Y,N,N,N
sigla,N,Y,N,N,Y,Y
Sigma,Y,N,Y,Y,N,N
Sigmund,Y,N,Y,Y,N,N
Silas,Y,Y,Y,Y,N,N
silence,N,Y,Y,N,N,N
silicone,N,Y,N,N,Y,Y
silva,N,Y,Y,Y,N,N
silver,Y,Y,Y,N,N,N
Silvia,Y,N,N,Y,N,N
Sim,Y,Y,Y,N,N,Y
sima,Y,Y,Y,Y,N,N
similar,N,Y,Y,N,Y,Y
Simon,N,N,N,Y,N,N
simple,Y,Y,Y,Y,N,N
simsim,N,N,N,N,N,Y
simular,Y,Y,Y,N,Y,Y
sin,N,Y,Y,N,N,N
sina,N,N,Y,N,N,N
sinal,Y,Y,Y,Y,Y,Y
since,Y,Y,Y,N,N,N
sinfonia,Y,Y,N,N,Y,Y
singer,Y,Y,Y,Y,N,N
single,Y,N,N,Y,N,N
singles,Y,Y,N,Y,N,N
singular,Y,Y,Y,N,Y,Y
Sinto,Y,Y,Y,N,N,Y
Sir,N,N,N,N,N,N
Sirius,Y,Y,Y,Y,N,N
sis,Y,Y,Y,N,N,N
sist,Y,Y,Y,N,N,N
sister,Y,Y,Y,N,N,N
sit,Y,Y,Y,N,N,N
site,N,N,Y,Y,Y,Y
sitio,N,N,N,N,Y,Y
Sitta,Y,Y,Y,Y,N,N
sitter,Y,Y,Y,Y,N,N
six,Y,Y,Y,N,N,N
skate,N,N,N,N,Y,Y
ski,N,N,N,N,N,N
skin,Y,Y,Y,Y,N,N
skinny,Y,Y,Y,N,N,N
skunk,Y,Y,Y,Y,N,N
sky,Y,Y,Y,N,N,N
skyscraper,Y,Y,Y,Y,N,N
sla,Y,Y,Y,Y,N,N
slack,Y,Y,Y,Y,N,N
slap,Y,Y,Y,Y,N,N
slash,Y,Y,Y,Y,N,N
slave,Y,Y,Y,Y,N,N
slide,Y,N,Y,Y,N,N
slim,Y,N,Y,Y,N,N
slippery,Y,Y,Y,Y,N,N
slogan,N,Y,Y,N,Y,Y
slot,Y,N,Y,Y,N,N
slow,Y,Y,Y,Y,N,N
slut,Y,Y,Y,N,N,N
smile,Y,Y,Y,Y,N,N
smiler,Y,Y,Y,Y,N,N
smith,N,Y,Y,Y,N,N
snap,Y,Y,Y,Y,N,N
snaps,Y,Y,Y,Y,N,N
snapshot,Y,Y,Y,Y,N,N
sniff,Y,Y,Y,Y,N,N
sniper,Y,Y,Y,Y,N,N
snoopy,Y,Y,Y,Y,N,N
snow,Y,Y,Y,Y,N,N
snub,Y,Y,Y,Y,N,N
so,Y,N,N,Y,N,Y
soam,Y,Y,N,N,Y,Y
soar,Y,Y,N,Y,Y,Y
sob,N,N,N,N,N,N
soc,Y,Y,Y,Y,N,N
soccer,Y,N,Y,Y,N,N
social,Y,Y,Y,N,Y,Y
soco,Y,Y,N,N,Y,Y
Sofia,N,N,Y,Y,N,N
soft,Y,N,Y,Y,N,N
soh,Y,Y,Y,Y,N,N
soja,Y,Y,Y,N,Y,Y
sol,Y,Y,Y,Y,Y,Y
solar,Y,Y,N,N,Y,Y
soldado,Y,Y,Y,N,Y,Y
solid,Y,Y,Y,Y,N,N
solo,Y,Y,Y,N,Y,Y
soma,Y,Y,Y,N,Y,Y
some,Y,Y,Y,Y,Y,Y
someone,Y,Y,Y,N,N,N
something,Y,Y,Y,Y,N,N
sometime,Y,Y,Y,Y,N,N
son,N,Y,Y,N,N,N
sonata,Y,Y,N,N,Y,Y
song,N,N,Y,Y,N,N
sonic,Y,Y,Y,Y,N,N
sons,Y,Y,Y,Y,Y,Y
soon,Y,Y,Y,N,N,N
Sophia,Y,N,Y,Y,N,N
sora,Y,Y,Y,Y,N,N
Sorbonne,N,N,N,Y,N,N
sorry,Y,Y,Y,N,N,N
sou,Y,Y,Y,Y,Y,Y
soul,N,N,N,N,N,N
soup,Y,Y,Y,Y,N,N
source,N,Y,Y,N,N,N
South,N,N,Y,N,N,N
spa,N,Y,N,N,N,Y
Space,Y,N,Y,Y,N,N
speaker,N,Y,Y,Y,N,N
specialist,Y,Y,Y,Y,N,N
speed,Y,Y,Y,N,N,N
speedy,Y,Y,Y,Y,N,N
Spencer,N,N,Y,Y,N,N
splinter,Y,Y,Y,Y,N,N
split,Y,Y,Y,N,N,N
Spock,Y,N,Y,Y,N,N
spoiler,Y,Y,Y,Y,N,N
sport,N,Y,Y,Y,N,N
sports,Y,Y,Y,Y,N,N
spot,N,Y,Y,N,N,N
spotlight,Y,Y,Y,Y,N,N
spouse,Y,N,Y,Y,N,N
spread,Y,Y,Y,N,N,N
spree,Y,Y,Y,Y,N,N
Spring,Y,N,Y,Y,N,N
square,Y,Y,Y,Y,N,N
squeeze,Y,Y,Y,Y,N,N
st,Y,Y,Y,Y,N,N
staff,Y,Y,Y,N,N,N
stage,Y,Y,Y,Y,N,N
stalker,Y,Y,Y,Y,N,N
stam,Y,Y,Y,Y,N,N
stand,Y,Y,N,N,N,N
Stanley,N,N,Y,Y,N,N
Star,N,N,Y,Y,N,N
stark,Y,Y,Y,N,N,N
start,Y,Y,Y,Y,N,N
State,Y,N,Y,Y,N,N
station,Y,N,Y,Y,N,N
status,Y,Y,Y,N,Y,Y
stay,Y,Y,Y,N,N,N
steal,Y,Y,Y,N,N,N
steam,Y,Y,Y,Y,N,N
stela,Y,Y,Y,Y,N,N
stella,N,Y,Y,Y,N,N
stencil,Y,Y,Y,Y,N,N
step,Y,Y,Y,Y,N,N
Stephen,Y,N,Y,Y,N,N
Sterling,N,Y,Y,Y,N,N
Steve,Y,N,N,Y,N,N
Steven,Y,N,N,Y,N,N
Stewart,Y,N,Y,Y,N,N
stick,Y,Y,Y,Y,N,N
sticker,Y,Y,Y,Y,N,N
sticky,Y,Y,Y,Y,N,N
stitch,Y,Y,Y,Y,N,N
stoa,Y,Y,Y,Y,N,N
Stone,Y,N,N,Y,N,N
stop,Y,Y,Y,N,N,N
story,Y,Y,Y,N,N,N
straight,Y,Y,Y,Y,N,N
strange,Y,Y,Y,N,N,N
stranger,Y,Y,Y,N,N,N
stream,Y,Y,Y,N,N,N
streaming,Y,Y,Y,Y,N,N
street,Y,Y,Y,N,N,N
stress,Y,N,N,Y,N,N
stretch,Y,N,Y,Y,N,N
strike,N,Y,Y,N,N,N
strip,Y,N,Y,Y,N,N
striper,Y,Y,Y,Y,N,N
strong,N,N,Y,N,N,N
Stuart,N,N,N,Y,N,N
studio,Y,Y,Y,Y,N,N
stuff,Y,Y,Y,N,N,N
stuffing,Y,Y,Y,Y,N,N
stupid,Y,Y,Y,Y,N,N
stuprum,Y,Y,Y,Y,N,N
style,Y,Y,Y,Y,N,N
styling,Y,Y,Y,Y,N,N
suave,Y,Y,Y,Y,Y,Y
sub,Y,N,N,N,Y,Y
sublime,Y,Y,Y,N,Y,Y
submarine,Y,Y,Y,Y,N,N
submeter,Y,Y,Y,N,Y,Y
submit,Y,Y,Y,N,N,N
subway,Y,Y,Y,Y,N,N
success,Y,Y,Y,N,N,N
suck,Y,Y,Y,N,N,N
sugar,N,N,Y,Y,N,N
sugarless,Y,Y,Y,Y,N,N
suicide,Y,N,Y,Y,N,N
Suina,N,N,N,N,N,Y
suite,N,N,Y,Y,N,Y
summer,Y,Y,Y,N,N,N
summoner,Y,Y,Y,Y,N,N
sun,N,Y,Y,N,N,N
Sunday,Y,N,Y,Y,N,N
sunset,N,Y,Y,Y,N,N
sup,Y,Y,Y,N,N,N
supe,Y,Y,Y,Y,N,N
super,N,Y,Y,N,Y,Y
superego,N,Y,N,N,Y,Y
superficial,Y,Y,N,N,Y,Y
superior,Y,Y,Y,N,Y,Y
superman,N,N,N,Y,N,Y
supermarket,Y,Y,Y,Y,N,N
supernatural,N,N,N,N,N,Y
supernova,N,Y,Y,N,N,Y
superpose,N,N,N,N,N,Y
supervisor,N,Y,N,N,Y,Y
supportive,Y,Y,Y,Y,N,N
supreme,N,N,N,N,N,Y
sure,Y,Y,Y,N,N,N
surf,N,Y,Y,N,Y,Y
surge,Y,Y,Y,N,Y,Y
surgery,Y,Y,Y,Y,N,N
surra,N,Y,Y,N,Y,Y
surrey,Y,Y,Y,Y,N,N
survival,Y,Y,Y,Y,N,N
survivor,Y,Y,Y,Y,N,N
Susan,Y,N,Y,Y,N,N
suspender,Y,Y,Y,N,Y,Y
suspense,N,Y,N,N,Y,Y
Susu,Y,Y,Y,Y,N,N
Suu,Y,Y,Y,Y,N,N
sweat,Y,Y,Y,N,N,N
sweet,Y,Y,Y,N,N,N
swift,Y,Y,Y,Y,N,N
swine,Y,Y,Y,Y,N,N
swing,Y,Y,Y,Y,N,N
switch,Y,Y,Y,Y,N,N
swot,Y,Y,Y,Y,N,N
symphony,Y,Y,Y,Y,N,N
sync,Y,Y,Y,Y,N,N
syndicate,Y,Y,Y,Y,N,N
syndrome,Y,N,Y,Y,N,N
system,Y,N,Y,Y,N,N
ta,Y,N,N,Y,N,Y
taa,Y,Y,Y,N,N,N
tab,Y,Y,Y,Y,N,N
Tabasco,N,Y,N,N,N,Y
table,N,N,Y,Y,N,N
tableless,Y,Y,Y,Y,N,N
tablet,Y,Y,Y,Y,N,N
tabu,N,Y,N,N,Y,Y
tade,Y,Y,Y,Y,N,N
tag,Y,Y,Y,N,N,N
Tai,Y,Y,Y,Y,N,N
tail,Y,Y,Y,Y,N,N
take,N,N,Y,N,N,N
tal,Y,Y,Y,Y,Y,Y
talk,Y,N,Y,N,N,N
Talmud,Y,Y,Y,Y,N,N
tamara,Y,Y,Y,Y,N,N
tame,Y,Y,Y,Y,N,N
tang,Y,Y,Y,Y,N,N
tanga,Y,N,N,N,Y,Y
tango,Y,Y,N,N,Y,Y
tantra,N,N,N,N,N,Y
Tanya,Y,N,Y,Y,N,N
tao,N,Y,N,N,N,Y
tapa,N,Y,N,N,Y,Y
tapas,Y,Y,N,N,Y,Y
Tape,Y,Y,Y,Y,N,N
tapete,Y,Y,N,N,Y,Y
tapioca,N,N,N,N,Y,Y
tar,N,N,N,Y,N,Y
tara,Y,N,Y,Y,N,N
tarefa,Y,Y,Y,N,Y,Y
target,Y,N,Y,Y,N,N
tarot,Y,Y,Y,Y,N,N
Tarzan,Y,N,Y,Y,N,N
tattoo,N,N,N,N,N,Y
Tatu,N,N,N,N,N,Y
tau,Y,Y,Y,Y,N,N
taxi,N,N,N,N,Y,Y
taxis,N,N,N,N,Y,Y
tay,Y,Y,Y,Y,N,N
Taylor,N,N,N,Y,N,N
tayra,Y,Y,Y,Y,N,N
tchu,Y,N,Y,Y,N,N
Td,Y,Y,Y,Y,N,N
te,Y,Y,Y,Y,Y,Y
teacher,Y,Y,Y,Y,N,N
team,Y,N,Y,Y,N,N
tease,Y,N,Y,Y,N,N
teaser,Y,Y,Y,Y,N,N
teca,N,Y,Y,Y,N,N
tech,Y,Y,Y,Y,N,N
Tecla,N,N,N,N,N,Y
Teco,Y,N,Y,Y,N,N
Ted,Y,N,Y,Y,N,N
teem,Y,Y,Y,Y,N,N
teen,Y,N,N,N,N,N
teenage,Y,Y,Y,Y,N,N
teens,Y,N,N,Y,N,N
tele,N,N,N,N,N,Y
tell,Y,Y,Y,N,N,N
Tema,N,Y,Y,Y,N,Y
temp,Y,Y,Y,Y,N,N
temperamental,N,Y,Y,N,Y,Y
template,Y,Y,Y,Y,N,N
temple,Y,Y,Y,Y,N,N
tempo,Y,Y,Y,Y,Y,Y
tempora,N,Y,Y,Y,N,N
temporal,Y,Y,Y,N,Y,Y
tempter,Y,Y,Y,Y,N,N
temse,N,N,N,N,N,Y
ten,Y,Y,Y,N,N,N
tennis,N,N,N,N,N,Y
tequila,N,N,Y,N,Y,Y
teras,Y,Y,Y,Y,N,N
Teresa,N,N,N,Y,N,N
Teresina,Y,N,Y,Y,N,N
tergal,Y,Y,Y,Y,N,N
term,Y,Y,Y,Y,N,N
terminal,Y,Y,Y,N,Y,Y
termine,Y,Y,N,N,Y,Y
termino,Y,Y,N,N,Y,Y
terrible,N,N,Y,Y,N,N
terror,Y,Y,Y,Y,Y,Y
Terry,Y,N,Y,Y,N,N
terse,Y,Y,Y,Y,N,N
Tess,Y,Y,Y,Y,N,N
test,Y,Y,Y,N,N,N
testa,Y,Y,N,N,Y,Y
testar,Y,Y,Y,N,Y,Y
teste,Y,Y,Y,N,Y,Y
tester,Y,Y,Y,Y,N,N
testes,N,Y,Y,N,Y,Y
tete,Y,Y,Y,Y,N,N
tetra,N,Y,N,N,Y,Y
Texas,N,N,N,Y,N,N
th,Y,N,Y,N,N,N
tha,Y,Y,Y,N,N,N
Thai,Y,N,Y,Y,N,N
Thais,Y,Y,Y,Y,N,N
Thalia,N,Y,Y,Y,N,N
than,Y,N,Y,N,N,N
thank,Y,Y,Y,Y,N,N
thanks,Y,Y,Y,Y,N,N
that,N,Y,Y,N,N,N
The,N,N,Y,N,N,N
theme,Y,Y,Y,Y,N,N
then,Y,Y,Y,N,N,N
Theo,Y,Y,Y,Y,N,N
Theodore,Y,N,Y,Y,N,N
theory,Y,Y,Y,Y,N,N
there,Y,Y,Y,N,N,N
therefore,Y,Y,Y,N,N,N
they,Y,Y,Y,N,N,N
Thierry,N,N,Y,Y,N,N
think,Y,N,Y,N,N,N
this,Y,Y,Y,N,N,N
Thomas,N,N,Y,Y,N,N
those,Y,Y,Y,N,N,N
thread,Y,Y,Y,N,N,N
three,Y,Y,Y,N,N,N
through,N,Y,Y,N,N,N
throwback,Y,Y,Y,Y,N,N
thumb,Y,Y,Y,Y,N,N
ti,Y,Y,Y,Y,Y,Y
tiara,Y,Y,Y,N,Y,Y
tic,N,Y,Y,Y,N,N
tick,Y,Y,Y,Y,N,N
ticket,N,Y,N,N,Y,Y
tier,Y,Y,Y,Y,N,N
tiger,Y,Y,Y,Y,N,N
Tim,Y,N,Y,Y,N,N
timbre,Y,Y,Y,N,Y,Y
time,Y,Y,Y,Y,Y,Y
timer,Y,Y,Y,Y,N,N
times,N,Y,Y,Y,Y,Y
timing,Y,N,N,Y,N,N
Timo,Y,Y,Y,Y,N,N
tin,Y,Y,Y,Y,N,N
Tina,Y,N,Y,Y,N,N
tinder,Y,Y,Y,Y,N,N
Tino,Y,N,Y,Y,N,N
tinta,Y,Y,Y,N,Y,Y
tiny,Y,Y,Y,N,N,N
tip,Y,Y,Y,Y,N,N
tire,Y,Y,N,N,Y,Y
Titan,Y,N,Y,Y,N,N
Titanic,Y,N,Y,Y,N,N
tite,Y,Y,Y,Y,N,N
titi,Y,Y,Y,Y,N,N
title,Y,Y,Y,Y,N,N
titular,Y,Y,Y,N,Y,Y
tiver,Y,Y,Y,N,Y,Y
to,Y,Y,N,Y,N,Y
toa,N,N,Y,Y,N,N
Tobias,N,N,Y,Y,N,N
toco,Y,N,N,N,Y,Y
tod,Y,Y,Y,Y,N,N
Toda,Y,Y,Y,Y,N,Y
today,Y,Y,Y,N,N,N
Todd,Y,N,Y,Y,N,N
toddy,Y,Y,Y,Y,N,N
tody,Y,Y,Y,Y,N,N
toe,Y,Y,Y,Y,N,N
Toledo,N,N,N,Y,N,N
Tom,N,N,Y,Y,N,N
Toma,Y,Y,N,Y,N,Y
Tomas,Y,Y,Y,Y,N,N
tome,Y,Y,N,Y,Y,Y
tonga,N,N,N,N,N,Y
tonight,Y,Y,Y,N,N,N
Tony,Y,N,Y,Y,N,N
too,Y,Y,Y,N,N,N
took,Y,Y,Y,N,N,N
tool,Y,Y,Y,Y,N,N
toop,Y,Y,Y,Y,N,N
top,Y,N,N,N,N,N
tope,N,N,N,N,Y,Y
topo,Y,Y,Y,Y,Y,Y
tops,Y,Y,Y,N,N,N
toque,Y,Y,Y,Y,Y,Y
tora,Y,Y,Y,Y,N,N
tormenta,Y,Y,N,N,Y,Y
tornado,Y,Y,Y,N,Y,Y
tornese,N,N,N,N,N,Y
toro,N,N,N,N,Y,Y
torpedo,Y,Y,Y,N,Y,Y
torrent,Y,Y,Y,N,N,N
torta,Y,Y,N,N,Y,Y
tosh,Y,Y,Y,Y,N,N
total,Y,Y,Y,Y,Y,Y
totally,Y,Y,Y,N,N,N
totem,Y,Y,Y,Y,N,N
Totoro,Y,Y,Y,Y,N,N
tou,N,N,N,N,N,Y
touch,Y,N,Y,N,N,N
tour,Y,N,N,N,N,N
tourney,Y,Y,Y,Y,N,N
tow,Y,Y,Y,Y,N,N
town,Y,Y,Y,N,N,N
toy,Y,N,Y,Y,N,N
tra,N,Y,Y,Y,N,N
track,Y,Y,Y,Y,N,N
tracker,Y,Y,Y,Y,N,N
Tracy,Y,N,Y,Y,N,N
traffic,Y,Y,Y,Y,N,N
tragus,Y,Y,Y,Y,N,N
trailer,Y,N,Y,Y,N,N
trama,Y,Y,Y,N,Y,Y
trampolin,N,N,N,N,N,Y
trance,Y,N,N,N,Y,Y
translation,Y,Y,Y,Y,N,N
trap,Y,Y,Y,Y,N,N
trash,Y,Y,Y,Y,N,N
trauma,N,Y,Y,N,Y,Y
trave,Y,Y,Y,N,Y,Y
travel,Y,Y,Y,N,N,N
Travis,Y,N,Y,Y,N,N
treat,Y,Y,Y,N,N,N
Trema,N,N,N,N,N,Y
trend,Y,Y,Y,Y,N,N
Trent,Y,Y,Y,Y,N,N
Trey,Y,Y,Y,Y,N,N
tri,N,Y,N,N,Y,Y
Trianon,Y,Y,Y,Y,N,N
tribal,N,Y,Y,N,Y,Y
tribe,Y,Y,Y,Y,N,N
tribunal,Y,Y,Y,N,Y,Y
tribute,N,N,N,Y,Y,Y
trick,Y,Y,Y,N,N,N
trickster,Y,Y,Y,Y,N,N
tricolor,Y,Y,Y,N,Y,Y
trident,Y,Y,Y,Y,N,N
trigger,Y,Y,Y,Y,N,N
trilogy,Y,Y,Y,Y,N,N
trio,Y,Y,N,N,Y,Y
trip,Y,N,Y,Y,N,N
triplex,N,Y,N,N,Y,Y
Triplice,Y,Y,Y,Y,N,N
tristeza,Y,Y,Y,Y,Y,Y
troca,Y,Y,Y,Y,Y,Y
trocar,Y,Y,Y,N,Y,Y
troco,Y,Y,Y,N,Y,Y
troll,Y,Y,Y,Y,N,N
tropical,Y,Y,Y,N,Y,Y
TRUE,Y,Y,Y,Y,N,N
truly,Y,Y,Y,N,N,N
trump,Y,Y,Y,Y,N,N
try,Y,Y,Y,Y,N,N
tsunami,N,N,N,N,Y,Y
tu,Y,Y,N,Y,Y,Y
tua,Y,Y,N,Y,Y,Y
Tuba,Y,N,N,N,N,Y
tube,Y,Y,Y,Y,N,N
tuberculose,Y,Y,Y,N,Y,Y
Tucano,N,Y,N,N,N,Y
tue,Y,Y,Y,N,N,N
tum,Y,N,Y,Y,N,N
Tuna,Y,Y,Y,Y,N,N
tuned,Y,Y,Y,Y,N,N
tuno,Y,Y,Y,Y,N,N
Turbo,N,Y,N,N,N,Y
turco,Y,Y,Y,N,Y,Y
turma,Y,Y,Y,N,Y,Y
turn,Y,N,Y,N,N,N
tutor,Y,N,Y,N,Y,Y
tutorial,N,Y,N,N,Y,Y
tuts,Y,Y,Y,Y,N,N
tutu,Y,Y,N,N,Y,Y
tweet,Y,Y,Y,Y,N,N
Twi,Y,Y,Y,Y,N,N
twilight,Y,Y,Y,Y,N,N
twist,Y,N,N,Y,N,N
twister,N,N,N,N,N,Y
twit,Y,Y,Y,Y,N,N
twitch,Y,Y,Y,Y,N,N
twite,Y,Y,Y,Y,N,N
twitten,Y,Y,Y,Y,N,N
twitter,Y,Y,Y,Y,N,N
two,Y,Y,Y,N,N,N
Tyler,Y,Y,Y,Y,N,N
type,Y,Y,Y,Y,N,N
ugh,Y,Y,Y,Y,N,N
ukulele,N,N,N,N,N,Y
ultima,Y,N,N,N,Y,Y
ultimo,Y,N,N,N,Y,Y
ultra,Y,Y,N,N,Y,Y
Ulysses,N,N,N,Y,N,N
um,Y,Y,Y,Y,Y,Y
umbrella,Y,Y,Y,Y,N,N
un,Y,Y,N,Y,N,N
Una,N,N,Y,Y,N,N
under,Y,Y,Y,N,N,N
underground,Y,Y,N,Y,N,N
undo,Y,Y,Y,Y,N,N
uneasy,Y,Y,Y,Y,N,N
Unesco,Y,N,Y,Y,N,N
unfair,Y,Y,Y,Y,N,N
unhappy,Y,Y,Y,Y,N,N
unilateral,N,Y,N,N,Y,Y
universal,Y,Y,Y,N,Y,Y
universe,N,N,N,N,N,Y
unrated,Y,Y,Y,Y,N,N
unrealistic,Y,Y,Y,Y,N,N
up,Y,N,Y,N,N,N
update,Y,Y,Y,Y,N,N
upgrade,Y,N,Y,Y,N,N
Urban,Y,Y,Y,Y,N,N
Uri,Y,N,Y,Y,N,N
urna,Y,Y,Y,N,Y,Y
us,N,Y,Y,N,N,N
usar,Y,Y,Y,N,Y,Y
use,Y,Y,Y,Y,Y,Y
useless,Y,Y,Y,Y,N,N
user,Y,Y,Y,N,N,N
usual,Y,Y,Y,N,Y,Y
Utah,Y,N,Y,Y,N,N
utility,Y,Y,Y,Y,N,N
utilize,N,Y,N,N,Y,Y
Utopia,Y,Y,N,N,N,Y
uva,Y,Y,Y,N,Y,Y
vacona,N,N,N,N,N,Y
vagal,Y,Y,Y,Y,N,N
vagas,Y,Y,Y,N,Y,Y
vagina,N,Y,N,N,Y,Y
Vai,Y,Y,Y,Y,N,Y
Val,N,N,Y,Y,N,N
vale,Y,Y,Y,Y,Y,Y
Valentin,N,Y,Y,Y,N,N
Valentine,Y,Y,Y,Y,N,N
valor,Y,Y,Y,N,Y,Y
valorize,N,N,N,N,Y,Y
Valsa,N,Y,N,N,N,Y
value,Y,Y,Y,Y,N,N
vampire,Y,Y,Y,Y,N,N
Van,Y,Y,N,N,N,Y
Vanessa,Y,N,Y,Y,N,N
vapor,Y,Y,Y,Y,Y,Y
vara,Y,Y,N,Y,Y,Y
vari,Y,Y,Y,N,N,N
variant,Y,Y,Y,Y,N,N
vas,Y,Y,Y,N,N,N
vee,Y,Y,Y,Y,N,N
veer,Y,N,N,N,N,N
vegetal,Y,Y,N,N,Y,Y
vei,N,N,N,Y,N,Y
vela,Y,Y,Y,N,Y,Y
velar,Y,Y,Y,N,Y,Y
velo,Y,N,N,N,Y,Y
venal,Y,N,N,N,Y,Y
vender,Y,Y,Y,N,Y,Y
venom,Y,Y,Y,Y,N,N
Venus,N,N,Y,Y,N,N
vera,N,Y,Y,Y,N,N
verbal,Y,Y,Y,N,Y,Y
Vermes,N,N,N,N,N,Y
Verona,N,N,Y,Y,N,N
Veronica,Y,Y,Y,Y,N,N
version,Y,Y,Y,N,N,N
verso,Y,Y,Y,N,Y,Y
vertical,Y,Y,N,N,Y,Y
very,Y,Y,Y,N,N,N
Vespa,Y,Y,Y,Y,N,N
vest,Y,Y,Y,Y,N,N
vestibular,N,Y,Y,N,Y,Y
veta,N,Y,Y,Y,Y,Y
veto,Y,Y,Y,N,Y,Y
via,Y,Y,Y,Y,Y,Y
Vic,Y,Y,Y,Y,N,N
vice,N,N,N,Y,N,N
Vicky,Y,Y,Y,Y,N,N
Victor,N,N,Y,Y,N,N
Victoria,N,N,Y,Y,N,N
victrola,N,N,N,N,N,Y
video,N,Y,N,N,N,Y
vie,N,Y,Y,N,N,N
vier,Y,N,Y,Y,Y,Y
view,Y,Y,Y,Y,N,N
viga,Y,Y,Y,N,Y,Y
vigia,Y,Y,N,Y,Y,Y
vigor,Y,Y,Y,Y,Y,Y
viking,Y,N,Y,Y,N,N
vila,Y,Y,Y,Y,Y,Y
Vilela,N,N,Y,Y,N,N
villa,N,Y,N,N,N,Y
Villanova,Y,Y,Y,Y,N,N
vim,N,N,N,Y,N,N
Vincent,N,N,Y,Y,N,N
vincular,N,Y,N,N,Y,Y
vine,Y,Y,Y,N,N,N
vineyard,Y,Y,Y,N,N,N
vintage,Y,Y,Y,Y,N,N
vinyl,Y,Y,Y,Y,N,N
viola,Y,Y,N,N,Y,Y
violence,Y,Y,Y,N,N,N
Vip,N,Y,N,N,N,Y
Vira,Y,Y,N,N,N,Y
viral,N,N,Y,N,Y,Y
vire,Y,Y,Y,N,Y,Y
Virginia,Y,N,Y,Y,N,N
virgula,Y,N,N,N,Y,Y
virose,N,N,N,N,Y,Y
virtual,Y,Y,Y,N,Y,Y
virus,N,N,N,N,N,Y
visa,N,N,N,N,N,N
visceral,N,N,Y,N,Y,Y
vision,Y,Y,Y,N,N,N
visita,Y,Y,Y,N,Y,Y
visite,Y,Y,N,N,Y,Y
vista,Y,Y,Y,Y,Y,Y
visto,Y,Y,Y,Y,Y,Y
visual,Y,Y,Y,N,Y,Y
visualization,Y,Y,Y,Y,N,N
vital,Y,Y,Y,N,Y,Y
vitrine,N,Y,N,N,Y,Y
viuva,N,N,N,N,Y,Y
viva,Y,Y,Y,Y,Y,Y
vive,Y,Y,Y,Y,Y,Y
viver,Y,Y,Y,N,Y,Y
Vladimir,Y,N,Y,Y,N,N
voar,Y,Y,N,N,Y,Y
vocal,Y,Y,Y,N,Y,Y
vodka,N,Y,Y,N,Y,Y
voe,N,N,N,N,Y,Y
vogue,Y,Y,Y,Y,N,N
voice,Y,N,Y,N,N,N
vol,N,Y,Y,N,N,N
volt,Y,Y,Y,Y,N,N
Volta,Y,Y,Y,N,N,Y
volume,Y,Y,Y,N,Y,Y
vomito,N,N,N,N,Y,Y
vota,Y,Y,N,N,Y,Y
Vote,N,N,N,N,N,Y
voucher,Y,Y,Y,Y,N,N
voyage,Y,Y,Y,N,N,N
vulgar,Y,Y,Y,N,Y,Y
wag,Y,Y,Y,Y,N,N
waka,Y,Y,Y,Y,N,N
walk,Y,N,Y,N,N,N
walking,Y,Y,Y,N,N,N
wall,Y,Y,Y,N,N,N
wallpaper,Y,Y,Y,Y,N,N
wally,Y,Y,Y,Y,N,N
Walt,Y,N,Y,Y,N,N
walter,Y,Y,Y,Y,N,N
wan,Y,Y,Y,Y,N,N
want,Y,N,Y,N,N,N
wapp,Y,Y,Y,Y,N,N
war,Y,Y,Y,N,N,N
ward,Y,Y,Y,N,N,N
warning,Y,Y,Y,Y,N,N
was,N,Y,Y,N,N,N
Washington,N,N,N,Y,N,N
water,N,N,Y,N,N,N
waterfall,Y,Y,Y,Y,N,N
Wave,Y,N,Y,Y,N,N
way,Y,Y,Y,N,N,N
wayfarer,Y,Y,Y,Y,N,N
Wayne,Y,N,Y,Y,N,N
we,N,Y,Y,N,N,N
weather,Y,Y,Y,Y,N,N
web,N,Y,Y,Y,N,N
weekend,Y,N,Y,Y,N,N
welcome,Y,Y,Y,Y,N,N
well,N,Y,Y,N,N,N
wellington,Y,Y,Y,Y,N,N
Wendell,Y,Y,Y,Y,N,N
whale,Y,Y,Y,Y,N,N
what,N,Y,Y,N,N,N
whatever,Y,Y,Y,N,N,N
whats,Y,Y,Y,Y,N,N
whey,Y,Y,Y,Y,N,N
whimsical,Y,Y,Y,Y,N,N
whish,Y,Y,Y,Y,N,N
whisky,Y,Y,N,Y,N,N
white,Y,N,Y,N,N,N
who,N,Y,Y,N,N,N
whoa,Y,Y,Y,Y,N,N
whopper,Y,Y,Y,Y,N,N
whore,Y,Y,Y,Y,N,N
why,Y,Y,Y,N,N,N
wife,Y,Y,Y,N,N,N
wild,Y,Y,Y,N,N,N
Wilhelm,Y,N,Y,Y,N,N
will,N,Y,Y,N,N,N
William,N,N,Y,Y,N,N
willie,Y,Y,Y,Y,N,N
Wilmer,Y,Y,Y,Y,N,N
Wilson,Y,N,N,Y,N,N
Win,Y,Y,Y,Y,N,N
wind,Y,Y,Y,N,N,N
wine,Y,Y,Y,N,N,N
winehouse,Y,Y,Y,Y,N,N
winger,Y,Y,Y,Y,N,N
Winnie,Y,Y,Y,Y,N,N
Winston,Y,N,N,Y,N,N
winter,Y,Y,Y,N,N,N
wired,Y,Y,Y,Y,N,N
wireless,Y,Y,Y,Y,N,N
with,N,N,Y,N,N,N
witness,Y,Y,Y,N,N,N
wiz,Y,Y,Y,Y,N,N
wolf,Y,Y,Y,N,N,N
Wolfgang,Y,N,Y,Y,N,N
wolverine,Y,Y,Y,Y,N,N
woman,Y,Y,Y,N,N,N
won,Y,Y,Y,N,N,N
wonder,Y,Y,Y,N,N,N
wont,Y,Y,Y,N,N,N
woo,Y,Y,Y,Y,N,N
Woody,Y,N,Y,Y,N,N
woohoo,Y,Y,Y,Y,N,N
word,Y,Y,Y,N,N,N
work,Y,N,Y,N,N,N
working,Y,Y,Y,Y,N,N
workroom,Y,Y,Y,Y,N,N
works,Y,Y,Y,Y,N,N
workshop,Y,N,N,Y,N,N
world,Y,N,Y,Y,N,N
worm,Y,Y,Y,Y,N,N
worst,Y,Y,Y,Y,N,N
worth,Y,Y,Y,N,N,N
would,Y,Y,Y,N,N,N
wow,Y,Y,Y,Y,N,N
wrapper,Y,Y,Y,Y,N,N
write,Y,Y,Y,Y,N,N
writer,Y,N,Y,Y,N,N
ya,Y,Y,Y,Y,N,N
yah,Y,Y,Y,Y,N,N
Yahoo,Y,Y,Y,Y,N,N
Yale,Y,N,Y,Y,N,N
yam,Y,Y,Y,Y,N,N
yan,Y,Y,Y,Y,N,N
yaya,Y,Y,Y,Y,N,N
yeah,Y,Y,Y,N,N,N
year,Y,Y,Y,N,N,N
yees,Y,Y,Y,Y,N,N
yellow,Y,Y,Y,Y,N,N
yes,Y,Y,Y,N,N,N
Yin,Y,N,Y,Y,N,N
yn,Y,Y,Y,Y,N,N
yoga,N,N,N,N,N,Y
york,Y,Y,Y,Y,N,N
Yorker,Y,N,Y,Y,N,N
you,N,N,Y,N,N,N
young,Y,Y,Y,N,N,N
younger,Y,Y,Y,N,N,N
your,Y,Y,Y,N,N,N
zac,Y,Y,Y,Y,N,N
zander,Y,Y,Y,Y,N,N
zebra,N,Y,N,N,Y,Y
Zen,Y,Y,Y,Y,N,N
Zeppelin,Y,Y,Y,N,N,N
zero,Y,Y,Y,N,Y,Y
Zeus,N,Y,Y,Y,N,N
Zion,Y,Y,Y,Y,N,N
zip,Y,Y,Y,Y,N,N
zo,Y,Y,Y,Y,N,N
zoa,N,N,N,N,Y,Y
zonal,N,N,N,N,Y,Y
Zonta,Y,Y,Y,Y,N,N
zoo,Y,Y,Y,Y,N,N
