word,TotalCount,2006-2008,2009,2010,2011,2012,2013,2014,2015,2016,2017,2018
at,566,2,34,16,32,162,132,74,30,12,8,64
BY,411,13,339,29,3,4,2,2,0,8,3,8
for,410,6,147,21,20,25,21,35,35,29,18,53
the,401,13,238,19,19,7,14,23,22,13,15,18
post,379,25,323,11,6,2,1,1,1,1,2,6
in,305,2,85,10,16,6,4,38,34,21,12,77
LINK,277,13,199,12,8,8,5,11,9,4,1,7
web,254,13,228,5,2,2,1,1,0,1,0,1
RT,228,0,1,14,58,38,41,28,23,9,5,11
TAG,216,3,84,15,8,10,6,15,24,21,14,16
on,207,5,108,42,12,12,8,3,3,3,6,5
TOP,190,4,92,8,12,4,5,14,6,6,20,19
FAIL,169,5,145,12,6,1,0,0,0,0,0,0
tweet,166,2,76,11,5,4,5,12,9,7,12,23
PLEASE,164,0,136,3,2,1,2,12,3,1,4,0
lost,158,2,150,3,2,0,0,1,0,0,0,0
halloween,141,1,82,7,2,4,3,19,7,11,4,1
fake,139,4,64,10,2,6,2,3,4,0,0,44
follow,134,1,90,16,1,0,2,13,4,1,0,6
DM,131,1,38,3,16,10,11,11,10,5,7,19
RECORD,124,2,69,12,6,8,4,8,5,4,2,4
Of,121,3,64,9,5,1,2,6,8,4,11,8
Touch,120,2,113,2,1,1,0,0,0,0,1,0
Party,117,5,97,2,3,0,4,1,2,1,1,1
single,110,0,94,1,2,0,1,2,1,4,3,2
NET,106,3,41,7,12,12,8,5,4,4,5,5
News,105,4,52,5,3,2,0,1,2,2,1,33
house,99,3,29,2,4,9,15,15,9,2,5,6
kit,99,0,33,28,6,6,1,0,0,4,1,20
US,99,3,70,11,3,1,0,0,2,2,3,4
new,91,5,60,6,4,2,6,3,1,2,1,1
one,91,1,12,10,0,2,0,28,24,11,1,2
lol,90,3,68,2,3,5,2,0,1,2,2,2
YOU,89,0,52,4,2,4,3,4,6,0,6,8
is,88,4,51,5,1,2,1,1,7,8,5,3
bad,83,0,11,0,3,1,3,4,14,13,15,19
RESTART,80,0,7,53,12,2,4,2,0,0,0,0
man,79,1,28,9,5,4,8,3,3,5,3,10
love,77,0,31,7,1,5,6,5,4,3,2,13
Apple,75,7,53,3,2,1,2,1,2,3,0,1
Seo,74,2,72,0,0,0,0,0,0,0,0,0
Big,73,2,51,1,5,2,1,5,2,1,0,3
data,73,1,39,6,2,3,4,0,3,2,5,8
GO,73,7,24,3,6,1,5,4,4,2,5,12
LINKS,72,2,65,1,1,0,1,0,0,2,0,0
flash,71,4,54,4,1,0,1,0,1,3,3,0
Brother,70,0,43,1,8,5,3,3,3,0,2,2
and,69,0,53,2,0,3,2,0,2,2,1,4
it,67,1,44,5,3,0,1,0,5,3,3,2
my,67,3,29,7,2,3,4,7,8,3,1,0
home,66,1,31,11,2,9,5,4,1,0,0,2
pocket,65,0,62,2,0,1,0,0,0,0,0,0
Lady,64,0,41,10,3,0,0,0,4,3,1,2
crush,64,0,1,0,0,0,7,1,12,16,9,18
boy,62,1,8,3,3,3,1,5,3,5,11,19
UP,62,1,31,14,8,4,0,1,0,1,1,1
chat,61,1,48,3,1,1,3,1,0,1,0,2
mouse,61,2,26,31,1,0,0,1,0,0,0,0
REPLY,61,1,49,2,3,3,1,2,0,0,0,0
Band,57,2,37,4,3,0,1,5,2,0,1,2
FREE,57,0,34,1,3,0,1,3,2,1,0,12
Game,57,0,25,3,1,3,4,5,5,5,3,3
update,57,0,55,0,1,0,0,0,0,0,0,1
Happy,56,0,23,1,3,5,10,7,2,4,0,1
NOW,55,0,37,5,5,2,1,2,0,1,2,0
trailer,55,4,38,2,0,1,0,2,4,1,1,2
PLAY,54,0,29,2,3,3,0,0,3,5,3,6
Flu,54,0,15,16,2,0,4,1,2,7,5,2
Designer,52,5,45,1,0,0,0,1,0,0,0,0
add,51,2,25,3,11,3,0,0,0,2,3,2
ALL,50,1,22,0,0,22,0,0,1,0,2,2
sport,50,0,6,1,1,3,2,2,5,10,2,18
BLACK,49,0,26,2,3,0,1,4,2,3,1,7
Day,48,1,31,3,1,2,0,2,2,4,1,1
notebook,48,4,31,1,3,1,0,2,0,2,1,3
OMG,47,3,27,4,7,2,2,0,0,1,0,1
Hey,47,4,18,5,6,2,1,4,2,0,2,3
direct,47,0,46,0,1,0,0,0,0,0,0,0
Direction,46,0,0,0,0,1,0,24,17,2,1,1
set,46,1,30,4,0,1,2,0,0,1,2,5
FB,45,0,6,1,1,4,8,7,5,5,3,5
Girl,45,0,29,5,3,0,3,0,3,2,0,0
BABY,45,1,4,8,3,1,7,1,5,4,3,8
mobile,45,3,40,0,1,0,0,1,0,0,0,0
Ruby,44,1,43,0,0,0,0,0,0,0,0,0
Whats,44,0,1,0,0,2,14,5,9,3,3,7
we,44,2,17,5,2,2,2,7,4,1,2,0
Wave,43,0,41,1,0,0,0,0,0,0,0,1
Street,43,0,39,0,2,0,0,0,0,0,2,0
FF,43,3,19,11,4,0,0,0,0,0,0,6
click,42,1,36,0,1,1,1,0,0,0,1,1
OFF,42,5,15,5,0,3,3,1,1,4,1,4
snap,42,0,0,0,0,0,4,6,10,8,11,3
not,41,0,27,1,2,4,2,1,1,1,0,2
playboy,40,0,30,5,2,0,1,0,0,1,1,0
master,40,0,33,2,0,0,2,2,0,0,0,1
wtf,40,2,28,0,1,4,0,2,0,1,1,1
Tour,39,0,7,8,0,1,0,4,3,7,3,6
IE,39,6,31,0,0,0,0,0,0,0,0,2
Best,38,3,25,0,1,2,2,2,0,1,0,2
Bay,37,0,36,0,1,0,0,0,0,0,0,0
life,37,3,20,0,5,0,2,0,1,2,1,3
fashion,36,0,23,2,4,0,0,0,2,2,2,1
GIF,36,2,15,0,1,2,0,0,5,2,1,8
ever,35,1,29,1,0,0,0,1,3,0,0,0
Club,35,1,13,0,1,3,6,3,2,0,1,5
box,35,0,23,2,1,1,0,1,1,2,0,4
This,35,0,24,2,2,1,3,0,1,1,1,0
vice,34,1,4,9,1,1,0,1,0,5,2,10
Bang,34,1,22,0,2,0,0,1,5,0,1,2
Help,34,0,20,1,1,1,0,0,9,1,1,0
Pirate,34,0,34,0,0,0,0,0,0,0,0,0
open,34,1,17,2,3,0,1,2,0,1,1,6
red,34,0,18,4,0,1,3,2,1,1,3,1
pow,33,0,6,0,6,5,3,0,0,3,4,6
pic,33,0,4,0,6,10,6,3,1,0,1,2
line,33,0,24,1,1,3,0,0,1,0,2,1
mode,33,0,29,1,2,0,1,0,0,0,0,0
Good,33,1,9,3,3,0,2,2,5,2,1,5
geek,33,1,32,0,0,0,0,0,0,0,0,0
from,33,2,26,1,0,0,0,1,0,2,1,0
teen,33,0,20,1,0,0,0,1,1,8,1,1
star,32,2,20,0,1,1,0,0,3,0,3,2
FANDOM,32,0,2,0,0,0,2,7,5,4,8,4
block,32,0,9,5,3,2,1,1,2,1,2,6
like,31,1,2,1,1,1,3,2,7,3,3,7
little,31,0,13,1,1,1,5,4,3,1,0,2
TRUE,31,1,27,0,1,0,0,0,0,1,0,1
SYSTEM,30,0,28,0,0,0,0,0,0,0,1,1
lent,30,1,29,0,0,0,0,0,0,0,0,0
Night,30,0,12,1,1,2,2,2,6,0,3,1
Roll,30,0,23,2,1,1,1,1,0,0,0,1
feed,30,0,26,1,0,0,1,0,0,0,1,1
Dead,30,0,17,0,1,1,0,4,1,4,2,0
delicious,29,1,28,0,0,0,0,0,0,0,0,0
BYE,29,0,9,10,2,0,2,0,0,0,0,6
Print,29,0,6,0,0,3,1,4,2,2,4,7
Pub,29,0,21,2,0,1,2,1,0,0,1,1
reality,29,0,26,2,0,0,0,1,0,0,0,0
Park,29,2,7,0,3,5,3,2,0,0,2,5
Speedy,29,1,27,0,0,1,0,0,0,0,0,0
make,28,0,6,5,1,0,2,1,1,0,1,11
Music,28,0,16,0,1,1,0,5,0,0,1,4
miss,28,1,13,1,1,0,0,2,8,1,0,1
hot,28,1,4,4,1,4,0,2,4,2,4,2
AIR,28,2,24,1,0,0,0,0,1,0,0,0
blood,27,1,25,0,0,0,0,0,0,0,0,1
Button,27,0,27,0,0,0,0,0,0,0,0,0
Brown,27,0,21,3,0,0,1,0,0,0,1,1
pet,27,0,20,0,0,0,4,0,1,0,0,2
With,27,1,7,1,1,2,0,9,1,2,1,2
world,27,3,14,5,0,0,0,2,0,1,2,0
year,27,0,5,1,3,2,3,2,1,9,1,0
Theory,26,1,23,0,1,0,0,0,1,0,0,0
user,26,1,6,1,2,2,7,5,1,0,1,0
people,26,1,19,1,1,1,0,0,0,2,1,0
Hello,26,2,15,1,1,2,3,0,0,0,2,0
Mate,26,0,19,1,3,1,0,0,1,0,0,1
More,26,0,13,2,1,1,1,1,2,1,1,3
AM,26,2,13,1,0,1,2,2,2,1,1,1
Blue,25,0,20,0,0,1,1,0,1,1,0,1
back,25,4,14,0,0,0,2,1,1,0,0,3
hit,25,2,10,2,2,0,0,0,0,0,4,5
rave,25,0,10,2,0,0,1,0,0,0,2,10
sorry,25,1,17,1,0,1,1,1,0,3,0,0
Sky,25,2,11,0,1,0,3,3,1,1,2,1
Mix,24,0,15,0,0,1,2,1,2,0,0,3
Movie,24,0,23,0,0,0,0,0,0,0,0,1
be,24,0,12,1,2,1,1,7,0,0,0,0
Are,24,0,15,1,0,2,0,3,0,1,0,2
cool,24,1,21,1,0,1,0,0,0,0,0,0
City,24,0,10,2,1,0,0,2,2,1,3,3
Earth,24,0,24,0,0,0,0,0,0,0,0,0
drive,23,0,17,1,0,1,0,0,2,1,0,1
Grey,23,0,10,1,3,0,0,7,1,0,0,1
CHRISTIAN,23,0,15,2,0,1,1,1,0,0,1,2
punk,23,0,13,0,2,3,0,3,1,1,0,0
old,23,0,14,1,0,0,0,1,1,4,0,2
Sex,23,2,13,3,1,2,0,1,1,0,0,0
YES,22,3,13,3,1,0,1,0,1,0,0,0
who,22,0,11,5,0,3,0,0,3,0,0,0
What,22,0,11,2,3,1,0,2,2,0,1,0
Model,22,0,20,0,0,0,0,0,0,0,0,2
Low,22,0,0,0,0,20,0,0,0,0,1,1
html,22,8,11,1,0,1,0,0,0,0,0,1
just,22,0,10,3,2,0,0,0,4,0,2,1
ago,22,0,21,0,0,0,0,0,0,0,1,0
An,21,0,13,2,0,0,0,0,2,0,0,4
Following,21,1,18,2,0,0,0,0,0,0,0,0
job,21,1,17,0,0,0,0,0,0,1,0,2
out,21,1,10,3,0,1,0,1,1,0,4,0
River,21,0,8,0,0,0,1,2,1,0,0,9
WOW,21,2,15,2,0,0,0,0,0,2,0,0
Stand,21,0,16,1,0,1,1,0,0,0,0,2
that,21,1,14,1,1,0,0,2,0,1,1,0
temp,20,0,12,2,0,0,0,0,1,1,0,4
Stop,20,0,13,0,0,1,0,6,0,0,0,0
spoiler,20,0,8,0,0,2,0,3,0,2,3,2
Your,20,1,13,0,1,0,1,2,2,0,0,0
Workshop,20,0,13,0,0,0,0,2,0,0,1,4
Premium,20,1,3,10,1,0,0,1,0,1,1,2
Photo,20,0,6,3,2,1,0,1,2,0,1,4
light,20,0,11,0,2,1,0,1,0,1,1,3
MR,20,0,9,1,0,1,4,1,1,0,0,3
GOD,20,0,6,2,3,1,1,1,2,2,0,2
dog,20,0,2,0,0,0,2,2,1,0,6,7
bug,20,0,17,0,1,1,0,0,0,0,0,1
DOC,19,0,15,1,0,0,0,0,1,0,1,1
Glee,19,0,5,4,5,0,2,3,0,0,0,0
Green,19,0,9,2,4,2,0,0,0,1,0,1
fifth,19,0,0,0,0,0,0,0,4,14,0,1
Fighter,19,0,18,0,0,0,0,0,0,0,1,0
mob,19,0,17,0,0,0,0,0,1,0,0,1
look,19,0,8,0,0,1,3,0,2,1,2,2
harmony,19,0,0,0,0,0,0,0,4,14,0,1
player,18,2,12,1,0,2,0,0,0,1,0,0
Palace,18,0,14,0,0,1,3,0,0,0,0,0
Office,18,4,13,0,0,0,0,0,0,0,1,0
PREVIEW,18,1,12,1,0,0,1,1,0,1,0,1
Rose,18,0,9,1,1,2,0,2,0,1,1,1
break,18,0,13,0,1,0,2,1,1,0,0,0
Angel,18,0,2,10,0,0,0,1,1,0,1,3
again,18,1,9,3,3,0,0,0,1,1,0,0
Winehouse,18,2,15,0,1,0,0,0,0,0,0,0
too,18,0,9,0,1,4,1,1,1,1,0,0
stream,17,0,9,1,0,0,0,2,1,1,1,2
yeah,17,1,10,2,0,0,0,0,1,2,0,1
bike,17,1,8,1,0,3,0,1,0,1,1,1
Friday,17,0,12,0,0,0,0,0,0,2,0,3
Evil,17,0,11,0,0,0,2,0,0,2,2,0
power,17,2,9,3,0,2,0,0,0,0,1,0
HEART,17,0,12,1,1,0,2,1,0,0,0,0
Hero,17,2,8,0,2,1,0,1,0,2,0,1
ho,16,7,7,0,1,0,0,0,0,0,1,0
Hall,16,0,8,1,1,3,2,0,0,1,0,0
remix,16,2,11,0,0,1,0,0,0,0,1,1
own,16,0,2,1,4,2,6,0,1,0,0,0
or,16,1,10,1,1,1,0,1,0,0,0,1
pen,16,1,11,1,0,1,0,0,0,1,0,1
DOLLAR,16,0,14,0,1,1,0,0,0,0,0,0
got,16,0,10,1,0,1,1,1,0,1,0,1
Fly,16,2,4,0,0,0,0,1,8,0,0,1
Bowl,16,0,7,3,0,0,0,4,0,1,0,1
War,16,1,10,0,0,0,0,0,0,3,0,2
streaming,16,0,15,0,0,0,0,0,1,0,0,0
Toy,16,0,15,0,0,0,0,0,0,0,0,1
Twilight,16,1,12,1,1,0,0,0,0,1,0,0
thanks,15,0,12,0,1,0,1,0,0,0,1,0
word,15,0,9,2,1,1,0,0,0,0,0,2
Bull,15,0,9,1,0,1,0,0,2,1,1,0
cat,15,1,7,0,0,1,0,1,1,0,0,4
Channel,15,1,13,1,0,0,0,0,0,0,0,0
Blink,15,0,12,0,1,1,0,1,0,0,0,0
Fire,15,0,3,1,2,2,1,0,0,0,0,6
nice,15,2,7,0,1,1,1,0,1,0,1,1
review,15,0,13,0,0,1,0,1,0,0,0,0
prison,15,0,13,0,0,0,1,1,0,0,0,0
he,15,0,10,0,0,0,5,0,0,0,0,0
mail,15,2,12,0,1,0,0,0,0,0,0,0
Matrix,15,0,15,0,0,0,0,0,0,0,0,0
Messenger,14,0,9,0,1,0,2,0,0,1,1,0
Hacker,14,0,8,0,5,0,0,0,0,1,0,0
Secret,14,1,9,0,1,0,0,0,1,0,1,1
Plug,14,0,14,0,0,0,0,0,0,0,0,0
Place,14,0,9,0,1,1,1,0,0,0,0,2
poser,14,0,3,5,0,1,1,2,2,0,0,0
guitar,14,2,6,1,1,1,0,2,1,0,0,0
forever,14,0,4,3,3,1,1,1,1,0,0,0
Down,14,0,3,0,0,0,3,0,7,0,1,0
CUT,14,0,6,0,0,0,0,1,2,2,2,1
CREW,14,6,5,1,2,0,0,0,0,0,0,0
bit,14,1,8,4,0,0,0,0,1,0,0,0
Amazing,14,1,12,0,0,0,0,0,1,0,0,0
american,14,0,4,0,4,2,2,0,0,1,0,1
chip,14,0,8,0,1,0,2,1,0,0,0,2
clip,14,0,8,1,0,0,1,2,1,0,0,1
bullying,14,0,3,1,0,2,0,1,4,2,0,1
Work,14,0,5,0,0,0,0,3,1,3,0,2
team,14,1,7,0,0,0,0,1,3,1,1,0
UNDER,14,0,7,0,0,0,0,0,7,0,0,0
torrent,13,2,10,0,1,0,0,0,0,0,0,0
today,13,1,6,0,0,0,0,4,0,1,0,1
teaser,13,0,10,0,0,0,0,0,1,1,1,0
stress,13,0,7,0,0,0,0,2,0,0,2,2
Story,13,0,5,0,2,1,0,0,0,1,2,2
Subway,13,1,1,2,0,2,4,1,0,0,0,2
shop,13,1,8,0,1,0,1,1,0,0,0,1
water,13,0,12,0,0,0,0,0,0,0,1,0
but,13,0,7,0,0,1,1,2,1,1,0,0
Camp,13,1,7,3,0,1,0,0,0,1,0,0
call,13,2,10,0,0,0,0,0,0,0,1,0
Check,13,1,5,1,0,0,3,2,0,1,0,0
anatomy,13,0,4,1,3,0,0,1,1,0,1,2
about,13,2,9,1,0,0,0,0,0,0,1,0
crack,13,0,7,0,0,0,1,2,2,0,0,1
drag,13,0,2,0,0,1,0,0,7,0,2,1
Friend,13,1,4,1,0,1,2,2,1,0,1,0
FUN,13,1,7,2,0,0,3,0,0,0,0,0
Fest,13,0,7,1,0,0,0,2,0,2,0,1
flip,13,0,10,0,1,0,0,0,1,0,0,1
Feedback,13,1,11,1,0,0,0,0,0,0,0,0
point,13,0,7,2,2,0,0,0,0,0,1,1
Pearl,13,0,8,0,1,0,4,0,0,0,0,0
season,13,0,3,1,0,1,0,2,2,1,3,0
Project,13,0,11,0,0,0,0,0,0,0,1,1
Read,13,3,8,0,0,2,0,0,0,0,0,0
Reader,13,1,12,0,0,0,0,0,0,0,0,0
Remake,13,1,10,2,0,0,0,0,0,0,0,0
Quest,13,0,2,0,11,0,0,0,0,0,0,0
RAM,13,0,11,0,0,0,0,0,1,0,0,1
hour,13,0,13,0,0,0,0,0,0,0,0,0
IF,13,0,1,0,1,1,0,0,1,1,1,7
loser,13,1,11,0,0,0,0,1,0,0,0,0
KISS,13,0,8,0,0,3,0,1,0,1,0,0
MILK,12,1,7,0,0,0,1,0,0,2,0,1
LAST,12,1,5,1,1,0,1,0,1,0,0,2
Hell,12,0,10,1,1,0,0,0,0,0,0,0
queen,12,1,4,0,1,0,0,2,0,1,1,2
profile,12,0,8,2,2,0,0,0,0,0,0,0
PLUS,12,0,4,2,1,0,0,0,0,1,1,3
never,12,1,4,1,0,0,1,2,1,1,0,1
NSFW,12,1,11,0,0,0,0,0,0,0,0,0
Fitness,12,0,3,0,1,1,0,0,0,1,3,3
Crazy,12,0,4,0,0,1,2,3,0,0,1,1
ask,12,0,0,0,0,7,2,0,3,0,0,0
Can,12,3,8,0,0,0,0,0,0,0,1,0
Candy,12,0,3,0,0,0,8,0,0,0,1,0
card,12,0,6,2,2,1,0,0,1,0,0,0
CAST,12,0,7,0,1,0,0,0,0,2,2,0
wolf,12,0,2,0,0,0,0,1,0,7,1,1
Wireless,12,1,10,1,0,0,0,0,0,0,0,0
stranger,12,2,5,0,0,0,0,0,0,2,3,0
soul,12,0,10,0,1,0,0,1,0,0,0,0
Square,12,0,2,2,3,0,3,0,2,0,0,0
Sweet,12,0,9,2,0,1,0,0,0,0,0,0
Trip,12,1,8,0,0,0,0,1,1,0,0,1
Trash,11,0,10,0,0,1,0,0,0,0,0,0
Swift,11,0,2,4,0,0,0,0,3,0,0,2
Studio,11,0,3,0,1,1,1,1,0,1,1,2
Summer,11,0,5,1,0,2,0,0,1,1,0,1
sun,11,0,6,0,0,1,2,0,0,0,1,1
Stay,11,0,0,0,0,0,1,0,0,0,0,10
Wall,11,0,9,0,0,1,0,1,0,0,0,0
Cartoon,11,0,11,0,0,0,0,0,0,0,0,0
charity,11,0,11,0,0,0,0,0,0,0,0,0
Code,11,1,8,0,0,1,1,0,0,0,0,0
apocalypse,11,1,10,0,0,0,0,0,0,0,0,0
alive,11,0,9,1,0,1,0,0,0,0,0,0
aka,11,0,7,1,1,0,0,1,0,1,0,0
Billboard,11,0,4,0,1,0,0,0,1,2,1,2
beach,11,0,3,1,0,3,2,0,0,0,0,2
army,11,0,1,0,0,0,0,0,0,1,1,8
Cup,11,0,5,0,1,2,2,0,1,0,0,0
discovery,11,1,8,0,0,0,0,1,0,0,0,1
finale,11,0,2,1,0,1,0,5,1,0,1,0
FIGHT,11,0,8,0,1,0,0,0,1,0,1,0
GRID,11,0,9,1,0,0,0,0,1,0,0,0
Press,11,0,11,0,0,0,0,0,0,0,0,0
Scream,11,0,3,0,0,0,0,0,2,6,0,0
King,11,0,6,1,0,0,0,0,1,0,0,3
Inside,11,0,10,1,0,0,0,0,0,0,0,0
Inspired,11,0,11,0,0,0,0,0,0,0,0,0
MONEY,11,0,6,0,0,0,1,0,2,0,0,2
LOCK,11,0,5,3,1,1,0,0,1,0,0,0
LIST,10,2,8,0,0,0,0,0,0,0,0,0
let,10,0,6,1,0,0,1,0,1,1,0,0
magic,10,0,6,0,1,1,0,0,1,0,0,1
message,10,0,10,0,0,0,0,0,0,0,0,0
IRON,10,0,7,0,2,0,0,0,1,0,0,0
hush,10,0,2,0,0,0,0,8,0,0,0,0
have,10,0,9,0,0,0,0,0,1,0,0,0
Hair,10,0,8,1,0,0,0,0,0,0,0,1
hop,10,0,5,1,1,0,0,0,0,0,0,3
High,10,1,4,1,0,0,0,0,1,0,2,1
Hip,10,0,5,1,1,0,0,1,0,0,0,2
Hiper,10,0,1,1,3,1,0,2,0,1,0,1
Resident,10,0,6,0,0,0,2,0,0,1,1,0
Prince,10,0,5,2,0,0,0,0,1,1,0,1
relax,10,0,5,2,1,0,0,0,0,0,0,2
release,10,0,10,0,0,0,0,0,0,0,0,0
Neo,10,0,9,0,0,0,0,0,1,0,0,0
page,10,0,6,0,1,1,0,0,1,0,0,1
Planet,10,0,4,2,1,1,0,1,1,0,0,0
pink,10,0,4,1,2,0,0,0,0,0,0,3
gadget,10,1,9,0,0,0,0,0,0,0,0,0
full,10,0,6,0,0,0,1,0,1,0,1,1
food,10,0,4,0,1,0,2,0,1,1,0,1
Family,10,0,4,0,0,1,0,2,0,0,2,1
Factor,10,0,1,0,0,3,0,4,0,1,0,1
Flex,10,0,8,0,0,0,0,1,0,0,0,1
follower,10,0,9,0,1,0,0,0,0,0,0,0
doodle,10,1,9,0,0,0,0,0,0,0,0,0
Cult,10,0,7,0,1,1,0,0,1,0,0,0
bee,10,0,6,1,0,1,0,1,0,0,0,1
Walking,10,0,1,0,0,1,0,4,1,1,2,0
View,10,1,8,0,1,0,0,0,0,0,0,0
young,10,0,8,0,0,0,0,0,0,0,0,2
style,10,1,2,2,2,0,1,1,0,0,0,1
Strike,10,0,5,0,2,1,1,0,0,0,0,1
song,10,0,9,0,0,0,1,0,0,0,0,0
search,10,0,9,0,0,0,0,1,0,0,0,0
swing,10,0,8,0,0,0,0,2,0,0,0,0
tbt,10,0,0,0,0,0,0,0,0,0,0,10
template,10,1,6,1,0,2,0,0,0,0,0,0
vampire,10,0,3,1,1,0,0,3,1,1,0,0
tuned,9,0,0,0,0,0,0,0,0,0,0,9
Trend,9,0,5,0,0,2,0,0,0,0,1,1
THERE,9,0,7,0,1,0,1,0,0,0,0,0
tech,9,1,5,0,0,0,0,0,1,0,0,2
Tablet,9,0,1,0,2,4,1,0,1,0,0,0
shippo,9,0,0,0,0,0,0,1,2,0,4,2
Sports,9,0,0,0,0,0,0,1,0,7,0,1
WAY,9,0,3,0,3,1,0,1,1,0,0,0
whisky,9,0,2,0,0,3,1,0,2,1,0,0
Why,9,0,7,0,0,0,0,0,0,0,2,0
beer,9,0,1,2,0,0,1,0,1,1,1,2
backup,9,0,8,1,0,0,0,0,0,0,0,0
blackout,9,0,4,0,2,0,0,1,1,0,0,1
API,9,1,8,0,0,0,0,0,0,0,0,0
Boomerang,9,0,9,0,0,0,0,0,0,0,0,0
drink,9,0,4,1,1,0,0,0,1,0,0,2
enjoy,9,0,8,0,1,0,0,0,0,0,0,0
fan,9,0,4,0,2,1,0,2,0,0,0,0
Force,9,0,2,0,0,1,0,0,0,0,5,1
freak,9,0,8,0,0,1,0,0,0,0,0,0
funny,9,0,9,0,0,0,0,0,0,0,0,0
Guy,9,0,9,0,0,0,0,0,0,0,0,0
perfect,9,0,3,0,0,1,0,2,1,1,0,1
Port,9,0,6,0,1,1,0,1,0,0,0,0
PAINT,9,0,8,0,0,1,0,0,0,0,0,0
over,9,0,3,2,0,0,1,0,0,1,1,1
OUR,9,0,0,0,0,0,0,0,1,8,0,0
myself,9,0,9,0,0,0,0,0,0,0,0,0
Prime,9,0,6,0,0,0,0,0,1,0,0,2
Rugby,9,0,9,0,0,0,0,0,0,0,0,0
Scrum,9,0,9,0,0,0,0,0,0,0,0,0
How,9,0,6,0,0,0,0,1,1,1,0,0
Ice,9,0,5,2,0,0,0,0,1,0,0,1
Heavy,9,0,8,0,0,0,0,0,1,0,0,0
Kids,9,0,1,2,0,1,0,2,2,0,0,1
Moon,9,0,4,1,0,0,1,0,1,0,1,1
Lounge,9,0,4,0,0,2,0,0,0,1,0,2
making,8,2,5,1,0,0,0,0,0,0,0,0
Mother,8,0,5,0,0,0,0,1,1,0,1,0
Meet,8,0,5,1,0,0,0,0,2,0,0,0
joy,8,0,7,0,0,0,0,0,0,0,0,1
HISTORY,8,0,3,0,0,0,0,0,1,4,0,0
Road,8,0,6,0,0,0,1,0,1,0,0,0
Remember,8,1,2,2,0,0,0,0,1,1,0,1
Reading,8,1,7,0,0,0,0,0,0,0,0,0
overdose,8,0,6,0,0,0,0,1,1,0,0,0
Pack,8,0,2,2,0,0,0,0,1,0,1,2
phyton,8,0,8,0,0,0,0,0,0,0,0,0
PIG,8,0,2,0,0,1,0,2,0,1,2,0
Group,8,0,7,0,0,0,0,0,1,0,0,0
Gossip,8,1,4,1,2,0,0,0,0,0,0,0
Great,8,3,4,0,0,1,0,0,0,0,0,0
Far,8,0,2,0,0,0,2,3,0,1,0,0
English,8,1,7,0,0,0,0,0,0,0,0,0
Edition,8,0,5,1,0,0,0,1,0,0,1,0
Cruise,8,0,8,0,0,0,0,0,0,0,0,0
book,8,3,2,0,1,0,1,0,0,0,0,1
bus,8,1,1,1,0,0,1,0,0,0,0,4
Charge,8,3,2,1,1,1,0,0,0,0,0,0
clap,8,0,8,0,0,0,0,0,0,0,0,0
arctic,8,0,6,0,0,1,0,0,0,0,1,0
alone,8,0,0,2,2,1,1,0,1,1,0,0
Wallpaper,8,2,1,3,0,0,0,1,0,1,0,0
Source,8,1,6,0,1,0,0,0,0,0,0,0
strip,8,0,6,0,0,0,1,0,0,0,1,0
Service,8,1,5,1,1,0,0,0,0,0,0,0
sis,8,0,1,0,0,2,2,0,0,0,1,2
take,8,0,3,0,0,0,2,0,0,0,3,0
talk,8,2,5,0,1,0,0,0,0,0,0,0
survivor,7,0,5,0,0,0,0,2,0,0,0,0
trick,7,0,7,0,0,0,0,0,0,0,0,0
Side,7,0,4,0,0,0,1,0,0,0,2,0
share,7,0,7,0,0,0,0,0,0,0,0,0
Sunday,7,0,6,1,0,0,0,0,0,0,0,0
spread,7,0,7,0,0,0,0,0,0,0,0,0
well,7,0,1,0,1,1,1,0,0,0,1,2
white,7,0,3,1,0,0,1,2,0,0,0,0
WIRED,7,1,6,0,0,0,0,0,0,0,0,0
zoo,7,0,5,0,0,0,2,0,0,0,0,0
ass,7,0,5,1,0,0,0,0,0,0,0,1
Always,7,0,1,0,1,1,1,0,1,0,0,2
comic,7,0,7,0,0,0,0,0,0,0,0,0
Brain,7,0,7,0,0,0,0,0,0,0,0,0
boss,7,2,3,0,0,0,0,2,0,0,0,0
Creative,7,0,7,0,0,0,0,0,0,0,0,0
die,7,0,4,1,0,2,0,0,0,0,0,0
Desk,7,0,7,0,0,0,0,0,0,0,0,0
End,7,0,5,0,0,0,0,2,0,0,0,0
EPIC,7,0,7,0,0,0,0,0,0,0,0,0
Dream,7,0,5,0,0,0,0,0,0,1,1,0
extreme,7,2,4,0,0,0,0,0,0,1,0,0
find,7,0,4,1,0,0,0,0,0,0,0,2
First,7,0,5,0,0,0,0,0,0,0,1,1
Gig,7,0,1,2,0,3,1,0,0,0,0,0
Neverland,7,0,4,0,2,0,0,0,0,1,0,0
non,7,0,4,0,0,0,0,0,0,1,1,1
nonsense,7,0,7,0,0,0,0,0,0,0,0,0
Pretty,7,0,0,0,1,1,0,3,1,1,0,0
See,7,1,4,0,0,2,0,0,0,0,0,0
RIP,7,1,3,0,0,1,0,0,1,1,0,0
KItty,7,0,7,0,0,0,0,0,0,0,0,0
know,7,0,5,0,0,0,1,0,1,0,0,0
MOTION,7,0,7,0,0,0,0,0,0,0,0,0
made,7,1,6,0,0,0,0,0,0,0,0,0
lord,7,0,4,0,1,0,1,1,0,0,0,0
long,7,0,2,0,0,0,2,0,0,0,2,1
level,7,0,2,0,0,0,0,2,0,1,1,1
Lucky,6,0,1,5,0,0,0,0,0,0,0,0
Macro,6,0,6,0,0,0,0,0,0,0,0,0
Mad,6,0,4,0,0,0,1,0,1,0,0,0
mat,6,0,1,0,0,0,1,0,1,1,1,1
Men,6,0,1,0,0,0,0,0,3,1,0,1
Millionaire,6,0,6,0,0,0,0,0,0,0,0,0
mister,6,0,1,0,0,1,1,0,0,0,0,3
keto,6,1,5,0,0,0,0,0,0,0,0,0
Journal,6,0,6,0,0,0,0,0,0,0,0,0
idol,6,0,3,0,2,0,0,0,0,0,0,1
Hi,6,1,2,0,1,0,0,0,0,0,2,0
Hope,6,1,2,1,1,0,0,0,1,0,0,0
here,6,0,4,1,0,0,0,1,0,0,0,0
Hate,6,0,5,0,0,0,0,0,0,0,0,1
school,6,0,2,0,0,0,0,1,1,0,1,1
robot,6,0,6,0,0,0,0,0,0,0,0,0
purpose,6,0,0,0,0,0,0,0,0,5,1,0
ocean,6,0,4,0,0,0,0,0,0,0,2,0
PILLOW,6,0,5,0,1,0,0,0,0,0,0,0
ping,6,0,5,0,0,0,0,0,0,1,0,0
Pit,6,0,1,1,0,0,0,0,2,0,0,2
Gourmet,6,0,1,0,1,0,1,0,0,0,0,3
Get,6,0,5,0,0,0,0,0,0,1,0,0
Fit,6,1,0,0,1,0,1,0,0,0,0,3
fast,6,0,4,0,0,0,0,0,0,1,0,1
DRAFT,6,0,0,0,0,0,0,0,3,0,0,3
Double,6,0,3,0,0,0,0,0,0,0,2,1
dissolve,6,0,5,0,0,0,0,1,0,0,0,0
Cry,6,0,4,0,0,0,0,1,0,1,0,0
car,6,0,4,1,0,0,0,0,0,1,0,0
Comedy,6,0,6,0,0,0,0,0,0,0,0,0
CMS,6,1,4,1,0,0,0,0,0,0,0,0
Coaching,6,1,2,0,0,1,0,1,1,0,0,0
Christmas,6,1,1,3,0,0,1,0,0,0,0,0
Advertising,6,0,6,0,0,0,0,0,0,0,0,0
Bitch,6,0,3,1,0,1,0,0,0,0,0,1
Ball,6,0,3,0,0,0,0,0,2,1,0,0
Believe,6,0,2,0,2,1,0,0,1,0,0,0
blues,6,0,4,1,0,0,0,0,0,0,0,1
body,6,0,3,1,0,0,0,0,0,0,0,2
arrow,6,0,0,0,0,0,0,3,2,0,0,1
BACKGROUND,6,0,6,0,0,0,0,0,0,0,0,0
wonder,6,1,3,0,1,0,0,0,0,1,0,0
WEEKEND,6,1,5,0,0,0,0,0,0,0,0,0
Walk,6,0,4,0,1,0,0,0,1,0,0,0
Voice,6,0,0,0,1,1,0,3,0,0,0,1
VERY,6,1,3,0,0,0,0,0,0,0,1,1
start,6,0,5,0,0,0,0,0,0,0,0,1
Space,6,2,1,0,0,1,0,0,1,1,0,0
Stuff,6,0,4,0,0,0,0,0,0,0,0,2
steam,6,0,6,0,0,0,0,0,0,0,0,0
Simple,6,0,2,1,2,1,0,0,0,0,0,0
Singles,6,0,3,0,0,1,0,0,1,1,0,0
Smile,6,0,4,0,0,0,1,1,0,0,0,0
TOPs,6,0,2,0,0,0,1,0,2,0,0,1
tube,6,0,5,0,0,0,0,0,0,0,0,1
Think,6,0,5,0,0,0,0,0,0,0,0,1
Theme,6,0,2,4,0,0,0,0,0,0,0,0
ten,6,0,1,0,0,0,1,1,0,0,1,2
Test,5,1,3,0,0,0,0,0,0,1,0,0
than,5,0,5,0,0,0,0,0,0,0,0,0
Thread,5,0,1,0,0,0,0,0,0,1,2,1
Survival,5,0,4,0,0,0,0,0,0,1,0,0
taa,5,0,0,0,0,1,3,1,0,0,0,0
soft,5,0,1,0,0,1,0,0,0,1,0,2
shake,5,0,0,0,0,0,3,0,0,2,0,0
stage,5,0,3,0,0,0,0,0,1,0,0,1
vintage,5,0,3,1,0,0,0,0,0,0,0,1
beat,5,0,1,0,0,0,2,1,0,0,0,1
better,5,0,3,0,0,0,0,0,0,2,0,0
Bff,5,0,2,1,0,1,0,0,0,0,1,0
Agile,5,2,3,0,0,0,0,0,0,0,0,0
Choice,5,0,0,0,0,0,1,0,2,2,0,0
class,5,0,1,0,0,0,1,1,0,0,1,1
Change,5,0,4,0,0,0,0,0,1,0,0,0
Chicken,5,0,1,1,0,1,1,0,0,0,0,1
coming,5,0,0,0,0,0,1,1,0,0,2,1
core,5,0,0,0,0,0,0,1,2,0,1,1
Cash,5,0,3,0,0,0,0,1,0,0,0,1
Born,5,0,0,0,2,0,1,0,0,0,1,1
burn,5,0,4,1,0,0,0,0,0,0,0,0
Cross,5,0,4,0,0,0,0,0,1,0,0,0
curious,5,0,0,0,0,0,0,0,0,0,0,5
Cute,5,0,2,0,0,0,2,1,0,0,0,0
dark,5,0,0,0,0,0,1,0,2,2,0,0
country,5,0,3,1,1,0,0,0,0,0,0,0
Deep,5,0,1,0,1,1,0,0,1,0,0,1
Days,5,0,1,0,0,0,0,0,0,3,1,0
Deck,5,0,0,0,0,1,0,0,0,0,0,4
Dragon,5,0,2,0,0,0,0,0,2,1,0,0
Drupal,5,0,5,0,0,0,0,0,0,0,0,0
ENTER,5,1,3,1,0,0,0,0,0,0,0,0
edit,5,0,4,0,0,0,0,1,0,0,0,0
Easy,5,0,3,0,0,1,0,0,1,0,0,0
floor,5,0,1,1,2,0,0,1,0,0,0,0
grace,5,0,3,0,0,0,0,0,0,1,1,0
gold,5,0,2,0,0,0,1,0,0,0,1,1
Plate,5,0,2,0,0,0,0,1,0,0,0,2
pin,5,0,4,1,0,0,0,0,0,0,0,0
photography,5,0,2,0,0,0,0,0,0,0,0,3
picture,5,0,3,0,0,0,0,0,0,0,0,2
pepperoni,5,0,2,0,0,1,0,0,0,0,0,2
Official,5,0,2,0,0,0,0,0,1,1,1,0
nominee,5,0,0,0,0,0,0,0,5,0,0,0
NEON,5,0,2,0,0,0,0,1,1,1,0,0
pager,5,0,5,0,0,0,0,0,0,0,0,0
outdoor,5,0,5,0,0,0,0,0,0,0,0,0
Really,5,0,4,0,0,0,0,0,1,0,0,0
Redirect,5,1,4,0,0,0,0,0,0,0,0,0
puppet,5,0,5,0,0,0,0,0,0,0,0,0
PUT,5,0,3,0,1,0,0,0,0,0,0,1
Python,5,0,5,0,0,0,0,0,0,0,0,0
Repeat,5,0,0,0,0,0,1,0,2,1,0,1
Run,5,0,3,0,0,1,0,1,0,0,0,0
round,5,0,2,0,0,0,0,0,0,0,1,2
revenge,5,0,1,0,0,1,0,2,1,0,0,0
Science,5,0,4,0,1,0,0,0,0,0,0,0
scrap,5,0,3,1,0,1,0,0,0,0,0,0
second,5,2,2,0,0,0,0,1,0,0,0,0
Sad,5,2,2,0,0,0,0,0,0,0,0,1
Save,5,0,5,0,0,0,0,0,0,0,0,0
Groove,5,1,2,0,0,0,0,0,1,0,0,1
hard,5,0,2,0,0,0,1,1,0,0,0,1
ID,5,0,3,1,0,1,0,0,0,0,0,0
Jet,5,0,3,0,0,1,0,0,0,0,0,1
jingle,5,0,3,0,1,0,0,0,0,0,0,1
ladybug,5,1,4,0,0,0,0,0,0,0,0,0
Label,5,0,3,0,1,0,0,1,0,0,0,0
Lap,5,0,2,0,0,0,0,0,0,2,1,0
Mind,5,0,5,0,0,0,0,0,0,0,0,0
mention,5,0,0,0,2,2,0,0,0,0,1,0
name,5,0,3,0,0,0,0,2,0,0,0,0
Lunch,5,3,2,0,0,0,0,0,0,0,0,0
Magnum,5,0,4,0,0,0,0,0,0,0,1,0
leg,5,0,3,0,1,0,0,1,0,0,0,0
Machine,4,0,1,0,0,0,0,0,1,1,0,1
LUCK,4,0,1,0,0,0,0,1,0,2,0,0
much,4,0,3,0,0,0,0,1,0,0,0,0
MORNING,4,1,1,1,0,0,0,0,0,0,1,0
Modern,4,0,2,0,0,0,0,0,0,0,1,1
moment,4,0,2,0,0,1,0,1,0,0,0,0
lay,4,1,2,0,0,0,0,0,0,1,0,0
Ladies,4,0,4,0,0,0,0,0,0,0,0,0
Lab,4,0,1,0,0,0,0,1,1,0,0,1
Kill,4,0,3,0,1,0,0,0,0,0,0,0
jump,4,1,0,0,1,0,0,0,1,0,0,1
keep,4,0,2,0,0,1,0,0,0,0,1,0
interview,4,0,3,0,0,0,0,0,0,0,1,0
into,4,0,3,0,0,0,1,0,0,0,0,0
idea,4,0,3,0,0,0,0,0,0,0,1,0
HONEY,4,0,0,0,0,0,2,0,0,0,0,2
HOLLY,4,0,4,0,0,0,0,0,0,0,0,0
half,4,0,1,1,0,0,0,0,0,2,0,0
her,4,0,1,0,0,0,0,0,0,0,1,2
happiness,4,0,3,1,0,0,0,0,0,0,0,0
Heaven,4,0,3,0,1,0,0,0,0,0,0,0
head,4,1,3,0,0,0,0,0,0,0,0,0
Rush,4,0,2,0,0,0,0,0,2,0,0,0
Saint,4,0,0,1,1,1,1,0,0,0,0,0
screen,4,0,3,0,0,1,0,0,0,0,0,0
Research,4,0,4,0,0,0,0,0,0,0,0,0
Rover,4,0,1,0,0,1,0,2,0,0,0,0
royal,4,0,1,0,0,0,0,2,0,1,0,0
right,4,0,3,0,0,0,0,1,0,0,0,0
Rocky,4,0,2,0,0,0,0,1,0,1,0,0
premiere,4,1,2,0,0,0,0,0,0,0,0,1
random,4,0,4,0,0,0,0,0,0,0,0,0
Rank,4,2,2,0,0,0,0,0,0,0,0,0
RANKED,4,0,0,0,0,0,0,1,0,0,3,0
rapper,4,0,4,0,0,0,0,0,0,0,0,0
only,4,0,2,0,0,0,0,0,0,1,1,0
pain,4,0,1,1,1,0,0,0,0,1,0,0
outsight,4,1,3,0,0,0,0,0,0,0,0,0
newsletter,4,0,4,0,0,0,0,0,0,0,0,0
pay,4,0,3,0,1,0,0,0,0,0,0,0
Give,4,0,3,0,0,0,1,0,0,0,0,0
grind,4,0,4,0,0,0,0,0,0,0,0,0
Frog,4,0,4,0,0,0,0,0,0,0,0,0
firework,4,0,0,3,1,0,0,0,0,0,0,0
experience,4,0,4,0,0,0,0,0,0,0,0,0
extended,4,0,3,0,0,0,0,0,1,0,0,0
Fall,4,0,1,0,0,0,0,0,1,0,2,0
Empire,4,0,2,0,0,1,0,0,0,0,0,1
essence,4,0,0,0,0,0,0,2,0,0,0,2
drop,4,0,1,0,0,0,0,0,0,0,3,0
Delivery,4,0,1,0,0,1,1,0,0,0,0,1
dear,4,0,1,2,0,0,0,0,1,0,0,0
Death,4,0,2,0,0,0,0,0,2,0,0,0
dancing,4,0,3,0,0,0,1,0,0,0,0,0
crossover,4,0,4,0,0,0,0,0,0,0,0,0
crash,4,1,2,0,0,0,0,0,0,0,0,1
briefing,4,0,4,0,0,0,0,0,0,0,0,0
business,4,3,1,0,0,0,0,0,0,0,0,0
btw,4,0,3,0,0,0,0,0,0,0,0,1
bomb,4,0,0,1,1,0,0,0,0,1,0,1
CABARET,4,0,3,0,0,0,0,1,0,0,0,0
buttons,4,0,4,0,0,0,0,0,0,0,0,0
Concert,4,0,3,0,0,0,0,1,0,0,0,0
Color,4,0,3,0,0,0,0,0,0,0,0,1
Catfish,4,0,0,0,0,0,0,3,1,0,0,0
Celebration,4,0,4,0,0,0,0,0,0,0,0,0
close,4,0,2,0,0,0,1,0,0,0,1,0
cloud,4,0,4,0,0,0,0,0,0,0,0,0
Client,4,1,3,0,0,0,0,0,0,0,0,0
agree,4,0,4,0,0,0,0,0,0,0,0,0
agreed,4,0,4,0,0,0,0,0,0,0,0,0
alt,4,0,1,1,1,0,0,1,0,0,0,0
Action,4,0,4,0,0,0,0,0,0,0,0,0
activity,4,0,4,0,0,0,0,0,0,0,0,0
after,4,0,2,0,0,0,0,0,0,0,2,0
Analytics,4,0,4,0,0,0,0,0,0,0,0,0
Angry,4,0,0,0,1,2,0,0,0,1,0,0
blip,4,1,3,0,0,0,0,0,0,0,0,0
basic,4,0,4,0,0,0,0,0,0,0,0,0
Away,4,1,1,0,0,0,0,2,0,0,0,0
AWESOME,4,0,4,0,0,0,0,0,0,0,0,0
banker,4,0,4,0,0,0,0,0,0,0,0,0
Visa,4,1,2,0,0,0,0,0,0,0,0,1
want,4,0,3,0,0,0,0,0,0,1,0,0
WORKING,4,3,0,0,0,0,0,0,0,1,0,0
WORTH,4,0,1,0,0,0,0,0,3,0,0,0
was,4,0,1,0,0,0,0,0,0,3,0,0
YT,4,1,2,0,0,0,0,0,0,0,0,1
zip,4,0,2,0,0,0,0,0,0,0,0,2
staff,4,0,2,0,1,0,0,0,0,1,0,0
State,4,0,3,0,0,0,0,0,0,0,1,0
Spring,4,0,3,0,0,0,0,0,0,0,1,0
South,4,0,1,0,0,0,0,1,0,0,1,1
speed,4,0,4,0,0,0,0,0,0,0,0,0
sunset,4,0,0,0,0,1,0,0,2,0,1,0
Shark,4,1,1,0,0,0,0,1,1,0,0,0
server,4,0,4,0,0,0,0,0,0,0,0,0
Sevenfold,4,0,0,2,0,2,0,0,0,0,0,0
send,4,0,3,0,0,0,1,0,0,0,0,0
sent,4,0,2,0,1,1,0,0,0,0,0,0
SHIPPER,4,0,0,0,0,0,1,1,1,0,0,1
Singer,4,0,3,0,0,0,0,0,0,0,0,1
Sniper,4,0,2,0,0,0,0,0,0,2,0,0
Slide,4,0,2,0,0,0,0,0,0,1,0,1
tableless,4,0,4,0,0,0,0,0,0,0,0,0
sugar,4,0,1,0,0,0,0,0,1,2,0,0
Sync,4,1,3,0,0,0,0,0,0,0,0,0
TELL,4,0,0,0,0,1,0,0,3,0,0,0
Two,4,0,0,0,0,0,0,0,2,2,0,0
Undo,4,0,4,0,0,0,0,0,0,0,0,0
track,4,0,0,2,0,0,0,0,0,0,0,2
Travel,3,0,0,0,1,1,0,0,0,0,0,1
took,3,0,2,1,0,0,0,0,0,0,0,0
TIGER,3,0,2,0,0,0,0,0,0,1,0,0
value,3,0,2,1,0,0,0,0,0,0,0,0
version,3,1,0,0,0,0,0,0,1,1,0,0
Type,3,0,2,0,0,0,0,0,0,1,0,0
TRAP,3,0,0,0,0,0,0,0,0,1,0,2
Teens,3,1,1,0,0,0,0,0,0,0,0,1
Thank,3,0,2,0,0,1,0,0,0,0,0,0
three,3,0,3,0,0,0,0,0,0,0,0,0
tape,3,0,3,0,0,0,0,0,0,0,0,0
tease,3,0,3,0,0,0,0,0,0,0,0,0
snaps,3,0,0,0,0,0,0,0,0,3,0,0
Snoopy,3,0,1,0,0,0,1,0,0,0,0,1
Sir,3,0,3,0,0,0,0,0,0,0,0,0
SIX,3,0,1,0,0,0,0,0,0,0,2,0
skin,3,0,1,0,0,0,0,0,1,0,0,1
SIN,3,0,0,0,0,0,0,0,0,1,0,2
since,3,0,1,0,0,2,0,0,0,0,0,0
sister,3,0,1,0,2,0,0,0,0,0,0,0
Shore,3,0,0,0,0,0,0,1,0,2,0,0
shame,3,0,2,0,0,0,0,0,0,0,0,1
shape,3,0,0,0,1,0,0,0,1,0,1,0
submit,3,0,3,0,0,0,0,0,0,0,0,0
steal,3,0,1,0,0,0,0,0,1,0,0,1
strange,3,0,2,0,1,0,0,0,0,0,0,0
someone,3,0,3,0,0,0,0,0,0,0,0,0
something,3,0,2,0,0,1,0,0,0,0,0,0
spot,3,0,1,2,0,0,0,0,0,0,0,0
wine,3,0,1,0,0,0,1,0,0,0,1,0
Wife,3,0,0,0,0,0,0,0,3,0,0,0
worm,3,0,3,0,0,0,0,0,0,0,0,0
write,3,0,3,0,0,0,0,0,0,0,0,0
woman,3,0,2,0,0,0,0,0,0,1,0,0
vinyl,3,0,0,0,0,0,0,0,0,0,0,3
Whatever,3,1,2,0,0,0,0,0,0,0,0,0
backstage,3,0,3,0,0,0,0,0,0,0,0,0
attack,3,0,0,0,0,0,1,1,0,0,0,1
available,3,0,3,0,0,0,0,0,0,0,0,0
bag,3,0,0,0,0,0,0,1,0,0,1,1
beautiful,3,0,2,0,0,0,1,0,0,0,0,0
before,3,0,1,0,0,0,0,0,0,2,0,0
Bass,3,0,1,0,0,0,1,0,1,0,0,0
blocked,3,0,3,0,0,0,0,0,0,0,0,0
birthday,3,0,0,0,0,0,1,0,0,1,0,1
Assassin,3,0,1,0,0,0,0,0,0,1,0,1
asylum,3,0,2,0,0,0,0,0,0,1,0,0
Aquarius,3,0,3,0,0,0,0,0,0,0,0,0
Another,3,0,2,0,0,0,0,1,0,0,0,0
any,3,0,2,0,0,0,0,0,1,0,0,0
addicted,3,0,3,0,0,0,0,0,0,0,0,0
access,3,0,3,0,0,0,0,0,0,0,0,0
account,3,0,3,0,0,0,0,0,0,0,0,0
Circus,3,0,2,0,0,0,0,0,0,1,0,0
Cest,3,0,2,0,0,0,0,0,0,1,0,0
Champion,3,0,0,1,0,0,0,0,0,0,1,1
comment,3,0,3,0,0,0,0,0,0,0,0,0
coach,3,0,1,0,0,0,0,0,1,0,0,1
Codex,3,0,2,0,1,0,0,0,0,0,0,0
Coffee,3,0,1,0,0,1,0,0,0,0,0,1
COMMON,3,0,1,0,0,0,0,0,0,0,0,2
Connection,3,0,2,1,0,0,0,0,0,0,0,0
Contact,3,1,2,0,0,0,0,0,0,0,0,0
Content,3,0,3,0,0,0,0,0,0,0,0,0
calling,3,0,3,0,0,0,0,0,0,0,0,0
bone,3,0,0,0,0,1,0,0,0,0,0,2
buffalo,3,0,3,0,0,0,0,0,0,0,0,0
breaking,3,0,0,0,0,0,0,2,0,0,0,1
DAMN,3,0,3,0,0,0,0,0,0,0,0,0
Could,3,0,1,1,0,1,0,0,0,0,0,0
course,3,0,2,0,0,0,0,0,1,0,0,0
Counter,3,0,3,0,0,0,0,0,0,0,0,0
dash,3,0,1,0,0,0,1,0,0,0,0,1
debut,3,0,1,0,1,0,0,0,0,0,0,1
dial,3,0,2,0,0,0,0,0,0,0,1,0
did,3,0,3,0,0,0,0,0,0,0,0,0
driver,3,0,2,1,0,0,0,0,0,0,0,0
dread,3,0,0,0,0,0,0,0,1,0,0,2
disk,3,0,1,0,1,0,1,0,0,0,0,0
Dock,3,0,1,0,1,0,0,0,0,0,0,1
Doctor,3,0,1,0,0,0,0,0,0,1,1,0
does,3,0,2,0,0,1,0,0,0,0,0,0
Doll,3,0,3,0,0,0,0,0,0,0,0,0
entry,3,0,3,0,0,0,0,0,0,0,0,0
Dude,3,0,1,1,0,1,0,0,0,0,0,0
dump,3,1,2,0,0,0,0,0,0,0,0,0
Everybody,3,0,3,0,0,0,0,0,0,0,0,0
fact,3,0,2,1,0,0,0,0,0,0,0,0
Fedora,3,0,2,0,0,0,0,0,0,1,0,0
FEAR,3,0,2,0,0,0,0,1,0,0,0,0
fish,3,0,2,0,0,0,0,1,0,0,0,0
finish,3,0,1,0,1,0,0,1,0,0,0,0
flow,3,0,0,0,0,0,0,0,1,0,2,0
folk,3,0,3,0,0,0,0,0,0,0,0,0
future,3,0,2,0,0,0,1,0,0,0,0,0
Frozen,3,0,0,0,0,0,0,1,1,0,0,1
grader,3,0,3,0,0,0,0,0,0,0,0,0
Peace,3,0,3,0,0,0,0,0,0,0,0,0
penalty,3,0,3,0,0,0,0,0,0,0,0,0
PICK,3,0,2,0,0,0,0,0,1,0,0,0
Pilot,3,0,1,0,0,0,0,0,1,0,1,0
Pierce,3,0,3,0,0,0,0,0,0,0,0,0
posted,3,0,1,0,1,0,0,0,1,0,0,0
Poll,3,0,3,0,0,0,0,0,0,0,0,0
Pope,3,1,0,1,0,0,0,0,1,0,0,0
next,3,0,2,0,0,0,0,0,0,0,1,0
neet,3,0,0,0,1,2,0,0,0,0,0,0
Pants,3,0,2,0,0,0,1,0,0,0,0,0
paradise,3,0,0,0,0,0,1,0,1,0,0,1
obvious,3,0,3,0,0,0,0,0,0,0,0,0
rainbow,3,0,0,0,1,0,0,0,0,0,1,1
pussy,3,1,0,0,0,0,0,0,0,0,0,2
powered,3,0,3,0,0,0,0,0,0,0,0,0
Privilege,3,0,2,0,0,0,0,0,0,0,0,1
problem,3,0,2,0,1,0,0,0,0,0,0,0
Priceless,3,0,2,0,0,1,0,0,0,0,0,0
Quake,3,0,3,0,0,0,0,0,0,0,0,0
public,3,0,1,0,0,0,0,0,0,0,0,2
ham,3,0,1,0,0,0,0,0,0,1,0,1
hoax,3,0,3,0,0,0,0,0,0,0,0,0
his,3,0,2,0,0,0,0,0,0,0,0,1
hilarious,3,0,3,0,0,0,0,0,0,0,0,0
horse,3,0,2,0,0,0,0,1,0,0,0,0
interactive,3,1,2,0,0,0,0,0,0,0,0,0
insomnia,3,0,3,0,0,0,0,0,0,0,0,0
inspiration,3,0,2,0,0,0,0,0,1,0,0,0
killer,3,0,3,0,0,0,0,0,0,0,0,0
juicy,3,0,1,0,0,1,0,0,0,0,0,1
jukebox,3,1,1,0,0,0,1,0,0,0,0,0
Monster,3,0,1,0,0,0,0,0,2,0,0,0
Nanny,3,0,3,0,0,0,0,0,0,0,0,0
mass,3,0,0,0,2,0,0,0,0,0,0,1
MID,3,0,0,0,0,2,0,0,0,0,0,1
mash,3,1,1,1,0,0,0,0,0,0,0,0
matter,3,0,2,0,0,0,0,0,0,0,1,0
LOT,3,0,2,0,0,0,0,1,0,0,0,0
loop,3,0,3,0,0,0,0,0,0,0,0,0
MAJOR,3,0,0,0,0,0,0,0,0,0,0,3
main,3,0,1,0,0,0,0,0,0,1,0,1
Maker,3,0,0,0,0,0,0,0,0,0,1,2
leader,3,0,1,0,0,0,0,2,0,0,0,0
lie,3,0,2,0,0,0,0,1,0,0,0,0
loft,3,0,3,0,0,0,0,0,0,0,0,0
Loading,3,0,3,0,0,0,0,0,0,0,0,0
Living,2,0,1,1,0,0,0,0,0,0,0,0
lmao,2,0,2,0,0,0,0,0,0,0,0,0
listening,2,0,2,0,0,0,0,0,0,0,0,0
LEAVE,2,0,1,0,0,0,0,1,0,0,0,0
lemon,2,0,1,0,0,0,0,0,0,0,0,1
lemonade,2,0,0,0,0,0,0,0,0,0,1,1
liar,2,0,0,0,0,0,2,0,0,0,0,0
less,2,0,2,0,0,0,0,0,0,0,0,0
LOOPING,2,0,1,0,0,0,0,0,1,0,0,0
loving,2,0,1,0,0,0,0,0,0,0,0,1
Maximum,2,0,2,0,0,0,0,0,0,0,0,0
meeting,2,0,2,0,0,0,0,0,0,0,0,0
math,2,0,1,0,0,0,0,0,0,0,1,0
Match,2,0,1,0,0,0,0,0,0,1,0,0
maniac,2,0,2,0,0,0,0,0,0,0,0,0
map,2,0,2,0,0,0,0,0,0,0,0,0
minute,2,0,2,0,0,0,0,0,0,0,0,0
mirror,2,0,1,1,0,0,0,0,0,0,0,0
nap,2,0,0,2,0,0,0,0,0,0,0,0
Nation,2,0,1,0,0,0,0,0,1,0,0,0
must,2,0,2,0,0,0,0,0,0,0,0,0
mountain,2,0,1,0,0,1,0,0,0,0,0,0
muse,2,0,2,0,0,0,0,0,0,0,0,0
moonwalker,2,0,1,1,0,0,0,0,0,0,0,0
Mosaic,2,1,1,0,0,0,0,0,0,0,0,0
miles,2,0,1,0,0,0,0,0,0,0,0,1
Mixer,2,0,1,0,0,0,0,0,0,0,1,0
justice,2,0,2,0,0,0,0,0,0,0,0,0
juice,2,0,2,0,0,0,0,0,0,0,0,0
lazy,2,0,2,0,0,0,0,0,0,0,0,0
later,2,0,2,0,0,0,0,0,0,0,0,0
incentive,2,0,1,0,0,0,0,0,0,0,0,1
indication,2,0,2,0,0,0,0,0,0,0,0,0
Indoor,2,0,0,0,1,0,0,0,0,0,0,1
INFINITY,2,0,0,0,0,0,0,0,1,0,0,1
hut,2,0,1,0,1,0,0,0,0,0,0,0
Image,2,0,1,0,0,0,0,0,0,0,0,1
import,2,0,0,2,0,0,0,0,0,0,0,0
IMPORTANT,2,0,2,0,0,0,0,0,0,0,0,0
interaction,2,0,2,0,0,0,0,0,0,0,0,0
joke,2,0,2,0,0,0,0,0,0,0,0,0
issue,2,0,2,0,0,0,0,0,0,0,0,0
Human,2,0,2,0,0,0,0,0,0,0,0,0
hide,2,0,2,0,0,0,0,0,0,0,0,0
hater,2,0,0,0,0,0,0,1,0,0,0,1
hash,2,0,1,0,0,0,0,0,0,0,0,1
header,2,0,0,0,0,0,0,1,1,0,0,0
hearts,2,0,0,2,0,0,0,0,0,0,0,0
PRINCESS,2,0,0,0,0,0,1,1,0,0,0,0
Priest,2,0,0,0,1,0,0,0,0,1,0,0
process,2,0,2,0,0,0,0,0,0,0,0,0
Portuguese,2,0,2,0,0,0,0,0,0,0,0,0
queer,2,0,1,0,0,0,0,0,0,0,1,0
quinoa,2,0,0,0,0,0,0,2,0,0,0,0
RACER,2,0,2,0,0,0,0,0,0,0,0,0
question,2,0,2,0,0,0,0,0,0,0,0,0
reflection,2,0,0,0,0,0,0,0,1,0,0,1
Recall,2,0,2,0,0,0,0,0,0,0,0,0
raven,2,0,1,0,0,0,0,1,0,0,0,0
reset,2,0,2,0,0,0,0,0,0,0,0,0
report,2,0,1,0,0,0,0,0,0,0,0,1
schizophrenic,2,0,2,0,0,0,0,0,0,0,0,0
ryot,2,0,2,0,0,0,0,0,0,0,0,0
safe,2,0,2,0,0,0,0,0,0,0,0,0
Said,2,0,1,0,0,0,0,0,1,0,0,0
sailor,2,0,1,0,0,0,0,0,0,0,0,1
sarcasm,2,0,2,0,0,0,0,0,0,0,0,0
say,2,0,2,0,0,0,0,0,0,0,0,0
scandal,2,0,2,0,0,0,0,0,0,0,0,0
onion,2,0,2,0,0,0,0,0,0,0,0,0
outdoors,2,0,1,0,0,0,1,0,0,0,0,0
Orange,2,0,0,0,0,1,0,0,0,0,0,1
orgasm,2,0,2,0,0,0,0,0,0,0,0,0
pane,2,0,2,0,0,0,0,0,0,0,0,0
pad,2,0,2,0,0,0,0,0,0,0,0,0
overview,2,0,2,0,0,0,0,0,0,0,0,0
overwatch,2,0,0,0,0,0,0,0,0,2,0,0
NEED,2,0,2,0,0,0,0,0,0,0,0,0
NEST,2,0,1,0,1,0,0,0,0,0,0,0
noise,2,0,1,0,1,0,0,0,0,0,0,0
octopus,2,0,2,0,0,0,0,0,0,0,0,0
number,2,0,0,1,1,0,0,0,0,0,0,0
plot,2,0,0,0,0,0,0,0,0,0,1,1
Popcorn,2,1,0,0,0,0,0,0,1,0,0,0
pity,2,0,2,0,0,0,0,0,0,0,0,0
playback,2,0,0,0,1,0,0,0,1,0,0,0
Pipe,2,0,1,0,0,1,0,0,0,0,0,0
Pie,2,0,1,0,0,0,0,0,0,0,0,1
photographer,2,0,0,0,0,0,0,0,0,0,0,2
peep,2,0,2,0,0,0,0,0,0,0,0,0
pass,2,0,1,0,0,0,0,0,1,0,0,0
gym,2,0,0,0,0,0,0,0,1,0,0,1
gift,2,0,1,0,0,1,0,0,0,0,0,0
goes,2,0,1,1,0,0,0,0,0,0,0,0
goo,2,1,1,0,0,0,0,0,0,0,0,0
Fuel,2,0,2,0,0,0,0,0,0,0,0,0
Fury,2,0,2,0,0,0,0,0,0,0,0,0
getting,2,0,2,0,0,0,0,0,0,0,0,0
ghost,2,0,2,0,0,0,0,0,0,0,0,0
generation,2,0,1,0,0,0,0,1,0,0,0,0
gentleman,2,0,1,1,0,0,0,0,0,0,0,0
Forward,2,0,1,1,0,0,0,0,0,0,0,0
frame,2,1,1,0,0,0,0,0,0,0,0,0
Flux,2,0,2,0,0,0,0,0,0,0,0,0
folder,2,0,1,0,0,1,0,0,0,0,0,0
Fondue,2,0,0,0,1,0,0,0,0,0,0,1
font,2,0,2,0,0,0,0,0,0,0,0,0
flop,2,0,1,0,0,0,0,0,0,1,0,0
finally,2,0,0,0,1,0,0,0,1,0,0,0
flame,2,0,2,0,0,0,0,0,0,0,0,0
Flea,2,0,1,0,0,1,0,0,0,0,0,0
feature,2,0,1,0,0,0,0,0,0,0,1,0
feel,2,0,0,1,0,0,0,0,1,0,0,0
feeling,2,0,1,0,0,0,0,0,0,1,0,0
Falling,2,0,1,1,0,0,0,0,0,0,0,0
Duo,2,0,1,0,0,0,0,0,0,0,0,1
East,2,0,1,0,0,0,0,0,0,0,0,1
emergency,2,0,1,0,1,0,0,0,0,0,0,0
delay,2,0,1,0,0,0,0,0,0,0,0,1
Door,2,0,0,0,0,1,0,1,0,0,0,0
Dot,2,0,0,1,0,0,0,0,1,0,0,0
Doubt,2,0,2,0,0,0,0,0,0,0,0,0
drone,2,0,0,0,0,0,0,0,1,0,1,0
Dry,2,1,0,0,0,0,0,0,0,0,0,1
derby,2,0,1,0,1,0,0,0,0,0,0,0
date,2,0,0,0,0,0,0,0,0,0,0,2
Cox,2,0,2,0,0,0,0,0,0,0,0,0
credit,2,0,2,0,0,0,0,0,0,0,0,0
crisis,2,1,1,0,0,0,0,0,0,0,0,0
dancer,2,0,1,0,0,0,0,0,0,0,0,1
Building,2,0,2,0,0,0,0,0,0,0,0,0
Butler,2,0,0,0,0,0,0,0,0,0,0,2
butterfly,2,0,1,0,0,0,0,1,0,0,0,0
bunker,2,0,2,0,0,0,0,0,0,0,0,0
boot,2,0,2,0,0,0,0,0,0,0,0,0
bizarre,2,0,2,0,0,0,0,0,0,0,0,0
boring,2,0,2,0,0,0,0,0,0,0,0,0
cabala,2,2,0,0,0,0,0,0,0,0,0,0
cake,2,0,0,0,0,0,0,2,0,0,0,0
cameraman,2,1,0,0,1,0,0,0,0,0,0,0
Cant,2,0,0,1,0,0,0,1,0,0,0,0
capacity,2,0,0,2,0,0,0,0,0,0,0,0
carry,2,0,0,0,1,1,0,0,0,0,0,0
CASTING,2,1,1,0,0,0,0,0,0,0,0,0
careful,2,0,0,2,0,0,0,0,0,0,0,0
carpet,2,0,1,1,0,0,0,0,0,0,0,0
comparison,2,0,1,0,0,0,0,0,0,1,0,0
confirmed,2,0,1,0,0,0,0,0,1,0,0,0
COPY,2,0,2,0,0,0,0,0,0,0,0,0
copyright,2,0,2,0,0,0,0,0,0,0,0,0
cherry,2,0,0,1,0,0,0,0,0,0,0,1
Church,2,0,0,0,0,0,2,0,0,0,0,0
chirp,2,0,2,0,0,0,0,0,0,0,0,0
Clean,2,0,2,0,0,0,0,0,0,0,0,0
clever,2,0,2,0,0,0,0,0,0,0,0,0
clarity,2,0,2,0,0,0,0,0,0,0,0,0
ace,2,0,0,2,0,0,0,0,0,0,0,0
absolute,2,0,1,0,0,0,0,0,1,0,0,0
act,2,0,0,0,0,0,1,0,1,0,0,0
Adventure,2,0,0,0,0,0,0,1,0,0,0,1
anyone,2,0,2,0,0,0,0,0,0,0,0,0
anyway,2,0,2,0,0,0,0,0,0,0,0,0
answer,2,0,2,0,0,0,0,0,0,0,0,0
architecture,2,0,0,0,0,0,1,1,0,0,0,0
appeal,2,0,1,1,0,0,0,0,0,0,0,0
Arms,2,0,2,0,0,0,0,0,0,0,0,0
Anonymous,2,0,1,0,0,0,1,0,0,0,0,0
ALIEN,2,0,2,0,0,0,0,0,0,0,0,0
among,2,1,1,0,0,0,0,0,0,0,0,0
blowup,2,0,2,0,0,0,0,0,0,0,0,0
blast,2,0,2,0,0,0,0,0,0,0,0,0
blend,2,2,0,0,0,0,0,0,0,0,0,0
bless,2,0,0,0,0,0,1,0,0,0,1,0
beetle,2,1,1,0,0,0,0,0,0,0,0,0
backing,2,0,2,0,0,0,0,0,0,0,0,0
banking,2,0,2,0,0,0,0,0,0,0,0,0
Welcome,2,0,2,0,0,0,0,0,0,0,0,0
whale,2,0,2,0,0,0,0,0,0,0,0,0
wayfarer,2,0,2,0,0,0,0,0,0,0,0,0
waterfall,2,1,1,0,0,0,0,0,0,0,0,0
warning,2,0,1,0,0,0,0,0,0,1,0,0
vision,2,0,1,0,0,0,0,0,0,0,1,0
voyage,2,0,1,0,0,0,0,0,0,0,1,0
won,2,0,1,0,0,0,0,0,0,0,0,1
writer,2,0,2,0,0,0,0,0,0,0,0,0
witness,2,0,0,0,0,0,0,1,0,0,1,0
Younger,2,0,0,0,0,0,0,0,0,1,1,0
yellow,2,0,1,1,0,0,0,0,0,0,0,0
station,2,0,2,0,0,0,0,0,0,0,0,0
spouse,2,0,0,0,0,0,0,0,2,0,0,0
Stalker,2,0,1,0,0,0,0,1,0,0,0,0
soon,2,0,1,0,1,0,0,0,0,0,0,0
speaker,2,0,1,0,0,0,1,0,0,0,0,0
Specialist,2,0,2,0,0,0,0,0,0,0,0,0
Step,2,1,0,0,0,0,0,1,0,0,0,0
Sticky,2,0,0,1,1,0,0,0,0,0,0,0
stupid,2,0,0,0,0,0,0,0,2,0,0,0
STRONG,2,0,0,0,0,0,1,0,0,0,0,1
september,2,0,1,0,1,0,0,0,0,0,0,0
shot,2,0,1,0,0,0,0,0,0,1,0,0
shotgun,2,0,2,0,0,0,0,0,0,0,0,0
showcase,2,0,1,0,0,0,0,0,0,0,0,1
shoot,2,0,0,0,0,0,0,0,1,0,1,0
SHIP,2,0,0,0,1,0,0,0,1,0,0,0
she,2,0,1,1,0,0,0,0,0,0,0,0
Silence,2,0,2,0,0,0,0,0,0,0,0,0
SKYSCRAPER,2,0,0,0,0,1,0,0,1,0,0,0
slap,2,2,0,0,0,0,0,0,0,0,0,0
Sniff,2,0,0,0,2,0,0,0,0,0,0,0
Slim,2,0,0,0,0,0,0,2,0,0,0,0
slot,2,0,2,0,0,0,0,0,0,0,0,0
slow,2,0,0,0,0,0,2,0,0,0,0,0
slut,2,0,1,0,0,0,1,0,0,0,0,0
target,2,0,1,0,1,0,0,0,0,0,0,0
Switch,2,0,1,0,0,0,0,0,0,0,1,0
Suicide,2,0,2,0,0,0,0,0,0,0,0,0
Supermarket,2,0,0,0,1,0,0,0,0,0,0,1
THUMB,2,0,0,0,0,0,0,0,0,1,1,0
tick,2,0,2,0,0,0,0,0,0,0,0,0
terse,2,0,2,0,0,0,0,0,0,0,0,0
tester,2,0,2,0,0,0,0,0,0,0,0,0
temple,2,0,0,0,0,1,0,0,0,0,0,1
troll,2,0,2,0,0,0,0,0,0,0,0,0
Turn,2,0,2,0,0,0,0,0,0,0,0,0
try,2,0,1,0,0,0,0,0,0,0,1,0
umbrella,2,0,2,0,0,0,0,0,0,0,0,0
Twist,2,0,2,0,0,0,0,0,0,0,0,0
underground,2,0,2,0,0,0,0,0,0,0,0,0
upgrade,2,0,2,0,0,0,0,0,0,0,0,0
Tiny,2,0,2,0,0,0,0,0,0,0,0,0
tool,2,0,2,0,0,0,0,0,0,0,0,0
toe,2,0,2,0,0,0,0,0,0,0,0,0
TONIGHT,2,0,1,0,0,0,0,0,0,1,0,0
translation,2,0,1,0,0,0,0,1,0,0,0,0
Tribe,2,0,1,0,0,0,0,0,0,1,0,0
trigger,2,0,1,0,0,0,0,0,0,1,0,0
trilogy,1,0,1,0,0,0,0,0,0,0,0,0
Triplice,1,0,0,0,0,0,1,0,0,0,0,0
trickster,1,0,0,0,1,0,0,0,0,0,0,0
treat,1,0,1,0,0,0,0,0,0,0,0,0
tracker,1,0,1,0,0,0,0,0,0,0,0,0
traffic,1,0,1,0,0,0,0,0,0,0,0,0
totally,1,0,1,0,0,0,0,0,0,0,0,0
town,1,0,0,0,0,0,0,0,0,1,0,0
toop,1,0,0,0,0,0,0,0,0,0,1,0
tip,1,0,1,0,0,0,0,0,0,0,0,0
title,1,0,1,0,0,0,0,0,0,0,0,0
timer,1,0,1,0,0,0,0,0,0,0,0,0
timing,1,0,1,0,0,0,0,0,0,0,0,0
uneasy,1,0,0,0,0,0,0,0,0,0,1,0
unfair,1,0,1,0,0,0,0,0,0,0,0,0
unhappy,1,0,1,0,0,0,0,0,0,0,0,0
unrated,1,0,1,0,0,0,0,0,0,0,0,0
unrealistic,1,0,0,0,0,0,0,0,0,0,0,1
variant,1,0,1,0,0,0,0,0,0,0,0,0
utility,1,0,1,0,0,0,0,0,0,0,0,0
useless,1,0,1,0,0,0,0,0,0,0,0,0
twitch,1,0,0,0,0,0,0,0,1,0,0,0
ugh,1,0,1,0,0,0,0,0,0,0,0,0
Tuna,1,0,0,0,0,0,0,1,0,0,0,0
truly,1,0,1,0,0,0,0,0,0,0,0,0
tempter,1,0,1,0,0,0,0,0,0,0,0,0
teenage,1,1,0,0,0,0,0,0,0,0,0,0
term,1,0,1,0,0,0,0,0,0,0,0,0
terrible,1,0,1,0,0,0,0,0,0,0,0,0
tier,1,0,0,0,0,0,0,0,1,0,0,0
those,1,0,0,0,0,0,0,0,1,0,0,0
through,1,0,1,0,0,0,0,0,0,0,0,0
throwback,1,0,0,0,0,0,0,0,0,0,0,1
then,1,0,1,0,0,0,0,0,0,0,0,0
therefore,1,0,1,0,0,0,0,0,0,0,0,0
they,1,0,1,0,0,0,0,0,0,0,0,0
supportive,1,0,0,0,0,0,0,0,0,0,0,1
sure,1,0,1,0,0,0,0,0,0,0,0,0
surgery,1,0,1,0,0,0,0,0,0,0,0,0
surrey,1,0,0,0,0,0,0,0,1,0,0,0
sugarless,1,0,1,0,0,0,0,0,0,0,0,0
symphony,1,0,0,0,0,0,0,1,0,0,0,0
syndicate,1,0,0,0,0,0,0,0,0,0,0,1
syndrome,1,0,1,0,0,0,0,0,0,0,0,0
sweat,1,0,1,0,0,0,0,0,0,0,0,0
table,1,0,0,0,0,0,1,0,0,0,0,0
teacher,1,0,0,0,0,0,0,0,0,0,0,1
tail,1,0,1,0,0,0,0,0,0,0,0,0
slippery,1,0,1,0,0,0,0,0,0,0,0,0
snapshot,1,0,0,0,0,0,0,0,0,0,0,1
smiler,1,0,0,0,0,0,0,1,0,0,0,0
solid,1,0,1,0,0,0,0,0,0,0,0,0
snow,1,0,0,0,0,0,0,1,0,0,0,0
snub,1,0,0,0,0,0,0,0,0,0,0,1
soccer,1,0,0,0,0,0,0,0,0,0,1,0
slave,1,0,0,0,0,1,0,0,0,0,0,0
slack,1,0,0,0,0,0,1,0,0,0,0,0
skinny,1,0,0,1,0,0,0,0,0,0,0,0
silver,1,0,1,0,0,0,0,0,0,0,0,0
sit,1,1,0,0,0,0,0,0,0,0,0,0
sitter,1,0,1,0,0,0,0,0,0,0,0,0
shepherd,1,0,0,0,0,0,0,0,0,0,1,0
shift,1,0,0,0,1,0,0,0,0,0,0,0
shiny,1,0,1,0,0,0,0,0,0,0,0,0
shock,1,0,0,1,0,0,0,0,0,0,0,0
shopper,1,0,1,0,0,0,0,0,0,0,0,0
showing,1,0,1,0,0,0,0,0,0,0,0,0
shown,1,0,0,0,0,0,0,0,0,0,0,1
seriously,1,0,1,0,0,0,0,0,0,0,0,0
sharp,1,0,0,1,0,0,0,0,0,0,0,0
shave,1,0,1,0,0,0,0,0,0,0,0,0
striper,1,0,0,0,1,0,0,0,0,0,0,0
stuffing,1,0,1,0,0,0,0,0,0,0,0,0
styling,1,0,0,0,0,0,0,0,1,0,0,0
submarine,1,0,0,1,0,0,0,0,0,0,0,0
success,1,0,0,0,0,0,0,0,1,0,0,0
suck,1,0,1,0,0,0,0,0,0,0,0,0
sup,1,0,0,0,0,0,0,0,0,0,0,1
stitch,1,0,0,0,0,1,0,0,0,0,0,0
stick,1,0,1,0,0,0,0,0,0,0,0,0
sticker,1,0,0,0,0,1,0,0,0,0,0,0
stencil,1,0,1,0,0,0,0,0,0,0,0,0
straight,1,0,1,0,0,0,0,0,0,0,0,0
stretch,1,0,0,0,0,0,0,0,0,0,0,1
splinter,1,0,1,0,0,0,0,0,0,0,0,0
split,1,0,1,0,0,0,0,0,0,0,0,0
soup,1,0,1,0,0,0,0,0,0,0,0,0
sometime,1,0,0,0,0,0,0,0,1,0,0,0
son,1,0,1,0,0,0,0,0,0,0,0,0
spotlight,1,0,1,0,0,0,0,0,0,0,0,0
squeeze,1,0,1,0,0,0,0,0,0,0,0,0
yees,1,0,0,0,0,1,0,0,0,0,0,0
winter,1,0,0,0,0,0,0,0,0,1,0,0
wild,1,0,0,0,0,0,1,0,0,0,0,0
wind,1,0,1,0,0,0,0,0,0,0,0,0
whore,1,0,1,0,0,0,0,0,0,0,0,0
wrapper,1,1,0,0,0,0,0,0,0,0,0,0
worst,1,0,0,0,0,0,0,0,0,0,0,1
would,1,0,0,0,0,0,0,0,0,0,0,1
wont,1,0,1,0,0,0,0,0,0,0,0,0
woohoo,1,0,1,0,0,0,0,0,0,0,0,0
workroom,1,0,1,0,0,0,0,0,0,0,0,0
works,1,0,1,0,0,0,0,0,0,0,0,0
voucher,1,0,0,0,0,0,0,1,0,0,0,0
visualization,1,0,1,0,0,0,0,0,0,0,0,0
violence,1,0,0,0,0,1,0,0,0,0,0,0
viking,1,0,0,0,0,0,0,0,0,1,0,0
vineyard,1,0,1,0,0,0,0,0,0,0,0,0
weather,1,0,0,0,0,0,1,0,0,0,0,0
whimsical,1,0,1,0,0,0,0,0,0,0,0,0
whish,1,0,1,0,0,0,0,0,0,0,0,0
baseball,1,0,0,0,0,0,0,0,0,0,1,0
ashes,1,0,0,0,1,0,0,0,0,0,0,0
behavior,1,0,0,0,0,0,0,0,0,0,0,1
behind,1,0,0,0,0,0,0,0,1,0,0,0
bat,1,0,0,0,0,0,1,0,0,0,0,0
been,1,0,1,0,0,0,0,0,0,0,0,0
balalaika,1,0,0,0,1,0,0,0,0,0,0,0
basket,1,0,0,0,0,1,0,0,0,0,0,0
blessed,1,0,0,0,0,0,0,1,0,0,0,0
blind,1,0,0,0,0,0,0,0,0,1,0,0
bleach,1,0,0,0,0,1,0,0,0,0,0,0
bodybuilder,1,0,0,0,0,0,0,0,0,0,0,1
boiler,1,0,0,0,0,0,0,0,0,0,1,0
blunt,1,0,0,0,0,0,0,0,1,0,0,0
bias,1,0,0,0,0,0,0,0,0,0,1,0
bittersweet,1,0,0,0,0,0,0,1,0,0,0,0
bladed,1,0,1,0,0,0,0,0,0,0,0,0
bench,1,0,1,0,0,0,0,0,0,0,0,0
beside,1,0,1,0,0,0,0,0,0,0,0,0
bet,1,0,1,0,0,0,0,0,0,0,0,0
billionaire,1,0,0,1,0,0,0,0,0,0,0,0
binder,1,0,0,0,0,0,0,0,0,0,0,1
bios,1,0,0,0,0,0,0,0,0,0,1,0
animation,1,0,1,0,0,0,0,0,0,0,0,0
anniversary,1,0,0,0,0,0,1,0,0,0,0,0
anxiety,1,0,1,0,0,0,0,0,0,0,0,0
adopter,1,0,1,0,0,0,0,0,0,0,0,0
advance,1,0,1,0,0,0,0,0,0,0,0,0
adapt,1,0,0,0,0,0,0,0,0,0,0,1
addict,1,0,1,0,0,0,0,0,0,0,0,0
Academic,1,0,1,0,0,0,0,0,0,0,0,0
acceptable,1,0,1,0,0,0,0,0,0,0,0,0
acoustic,1,0,0,0,0,0,0,1,0,0,0,0
across,1,0,1,0,0,0,0,0,0,0,0,0
alternative,1,0,0,0,0,0,0,0,0,0,0,1
alchemist,1,0,0,0,0,0,0,0,0,0,0,1
alert,1,0,0,0,0,0,0,0,0,0,1,0
ahead,1,0,1,0,0,0,0,0,0,0,0,0
affinity,1,1,0,0,0,0,0,0,0,0,0,0
afire,1,0,0,0,0,0,0,0,1,0,0,0
climber,1,0,0,1,0,0,0,0,0,0,0,0
chorus,1,0,0,1,0,0,0,0,0,0,0,0
citation,1,0,0,1,0,0,0,0,0,0,0,0
chart,1,0,1,0,0,0,0,0,0,0,0,0
cheerleader,1,0,1,0,0,0,0,0,0,0,0,0
cheese,1,0,1,0,0,0,0,0,0,0,0,0
cell,1,0,0,0,0,0,0,0,0,1,0,0
cavern,1,0,1,0,0,0,0,0,0,0,0,0
corner,1,0,0,0,0,0,0,0,1,0,0,0
corpus,1,0,0,0,0,0,0,0,0,0,0,1
cost,1,0,1,0,0,0,0,0,0,0,0,0
compiler,1,0,1,0,0,0,0,0,0,0,0,0
composed,1,0,1,0,0,0,0,0,0,0,0,0
concept,1,0,0,0,0,1,0,0,0,0,0,0
convictor,1,0,1,0,0,0,0,0,0,0,0,0
cook,1,0,0,0,0,1,0,0,0,0,0,0
coke,1,0,0,0,0,1,0,0,0,0,0,0
collect,1,1,0,0,0,0,0,0,0,0,0,0
coat,1,0,0,0,0,0,1,0,0,0,0,0
cocktail,1,0,0,0,0,0,0,0,0,0,0,1
commercial,1,0,1,0,0,0,0,0,0,0,0,0
command,1,1,0,0,0,0,0,0,0,0,0,0
comedown,1,0,0,0,0,0,0,0,0,1,0,0
carrot,1,0,0,0,0,0,0,0,1,0,0,0
caramel,1,1,0,0,0,0,0,0,0,0,0,0
campaign,1,0,0,0,0,0,0,0,0,0,0,1
catching,1,0,0,0,0,1,0,0,0,0,0,0
cart,1,0,1,0,0,0,0,0,0,0,0,0
cable,1,0,0,0,0,1,0,0,0,0,0,0
calm,1,0,0,0,0,1,0,0,0,0,0,0
came,1,0,0,0,1,0,0,0,0,0,0,0
breadwinner,1,0,0,0,0,0,0,0,0,0,0,1
bootleg,1,0,1,0,0,0,0,0,0,0,0,0
booty,1,0,0,0,0,0,0,0,0,0,0,1
borderline,1,0,0,1,0,0,0,0,0,0,0,0
boneless,1,0,0,0,0,1,0,0,0,0,0,0
bookmark,1,0,1,0,0,0,0,0,0,0,0,0
buss,1,0,0,0,0,0,0,0,0,1,0,0
brick,1,0,0,0,0,0,0,0,0,0,0,1
darkness,1,0,0,0,0,0,0,0,1,0,0,0
dad,1,0,0,0,0,0,0,0,0,0,1,0
cuddle,1,0,0,0,0,1,0,0,0,0,0,0
curd,1,0,1,0,0,0,0,0,0,0,0,0
creep,1,1,0,0,0,0,0,0,0,0,0,0
cream,1,0,1,0,0,0,0,0,0,0,0,0
crackers,1,0,1,0,0,0,0,0,0,0,0,0
cousin,1,0,0,0,0,0,0,0,0,0,0,1
count,1,0,1,0,0,0,0,0,0,0,0,0
couple,1,0,0,0,0,0,0,0,1,0,0,0
dating,1,0,1,0,0,0,0,0,0,0,0,0
depression,1,0,1,0,0,0,0,0,0,0,0,0
defy,1,0,0,0,0,0,1,0,0,0,0,0
dedication,1,0,1,0,0,0,0,0,0,0,0,0
descend,1,0,0,1,0,0,0,0,0,0,0,0
detect,1,0,0,0,0,0,0,0,0,0,0,1
determination,1,0,0,0,0,0,0,0,0,1,0,0
digs,1,0,0,0,0,0,0,1,0,0,0,0
dinner,1,0,0,0,0,0,0,1,0,0,0,0
dip,1,0,1,0,0,0,0,0,0,0,0,0
dirigent,1,0,1,0,0,0,0,0,0,0,0,0
discovered,1,0,0,0,1,0,0,0,0,0,0,0
drift,1,0,1,0,0,0,0,0,0,0,0,0
drifting,1,0,1,0,0,0,0,0,0,0,0,0
dough,1,0,0,0,1,0,0,0,0,0,0,0
drawn,1,0,1,0,0,0,0,0,0,0,0,0
dope,1,0,0,0,0,0,0,0,0,0,1,0
donkey,1,0,0,0,0,0,0,0,0,0,0,1
doing,1,0,1,0,0,0,0,0,0,0,0,0
display,1,1,0,0,0,0,0,0,0,0,0,0
disturbed,1,0,1,0,0,0,0,0,0,0,0,0
emotion,1,0,1,0,0,0,0,0,0,0,0,0
encore,1,0,0,0,0,0,0,0,1,0,0,0
effects,1,0,0,0,0,0,0,0,0,0,1,0
election,1,1,0,0,0,0,0,0,0,0,0,0
elimination,1,0,0,0,0,0,0,0,0,1,0,0
else,1,0,0,0,0,0,0,0,0,0,1,0
embed,1,0,0,0,0,0,0,0,1,0,0,0
eats,1,0,0,0,0,0,0,0,0,0,0,1
echo,1,0,1,0,0,0,0,0,0,0,0,0
duplex,1,0,0,1,0,0,0,0,0,0,0,0
early,1,0,1,0,0,0,0,0,0,0,0,0
epoch,1,0,1,0,0,0,0,0,0,0,0,0
endere,1,0,1,0,0,0,0,0,0,0,0,0
engine,1,0,1,0,0,0,0,0,0,0,0,0
estrange,1,0,0,1,0,0,0,0,0,0,0,0
euphoria,1,0,1,0,0,0,0,0,0,0,0,0
evens,1,0,1,0,0,0,0,0,0,0,0,0
excellence,1,0,0,0,0,0,0,0,0,0,0,1
excited,1,0,0,0,0,0,0,1,0,0,0,0
expand,1,0,1,0,0,0,0,0,0,0,0,0
eye,1,0,1,0,0,0,0,0,0,0,0,0
fag,1,0,0,1,0,0,0,0,0,0,0,0
fell,1,0,1,0,0,0,0,0,0,0,0,0
file,1,0,0,0,0,1,0,0,0,0,0,0
film,1,0,1,0,0,0,0,0,0,0,0,0
February,1,0,1,0,0,0,0,0,0,0,0,0
favorite,1,0,1,0,0,0,0,0,0,0,0,0
flag,1,0,1,0,0,0,0,0,0,0,0,0
flush,1,0,1,0,0,0,0,0,0,0,0,0
float,1,0,0,0,0,0,0,0,0,0,1,0
floating,1,0,0,1,0,0,0,0,0,0,0,0
flood,1,0,0,0,0,1,0,0,0,0,0,0
freeway,1,0,1,0,0,0,0,0,0,0,0,0
front,1,0,0,0,0,0,0,0,1,0,0,0
foundation,1,0,1,0,0,0,0,0,0,0,0,0
founder,1,0,1,0,0,0,0,0,0,0,0,0
form,1,0,0,0,1,0,0,0,0,0,0,0
germanic,1,0,0,0,0,0,1,0,0,0,0,0
gear,1,0,1,0,0,0,0,0,0,0,0,0
fully,1,0,1,0,0,0,0,0,0,0,0,0
goofy,1,0,1,0,0,0,0,0,0,0,0,0
gone,1,0,0,0,0,0,0,0,0,0,0,1
gnu,1,0,1,0,0,0,0,0,0,0,0,0
goalkeeper,1,0,0,0,0,0,0,0,0,0,1,0
hack,1,0,0,0,0,0,0,0,0,0,0,1
guess,1,0,1,0,0,0,0,0,0,0,0,0
guilty,1,0,0,0,1,0,0,0,0,0,0,0
granny,1,0,0,0,0,0,0,0,0,0,0,1
graphic,1,0,1,0,0,0,0,0,0,0,0,0
greedy,1,0,0,0,0,0,0,0,0,1,0,0
paw,1,0,0,0,0,0,1,0,0,0,0,0
parking,1,0,1,0,0,0,0,0,0,0,0,0
parody,1,0,1,0,0,0,0,0,0,0,0,0
peer,1,0,1,0,0,0,0,0,0,0,0,0
persona,1,0,0,0,0,0,0,0,0,0,1,0
petition,1,0,1,0,0,0,0,0,0,0,0,0
photograph,1,0,0,0,0,0,0,0,0,0,0,1
platform,1,0,1,0,0,0,0,0,0,0,0,0
poem,1,0,0,0,0,0,0,1,0,0,0,0
pleasure,1,0,1,0,0,0,0,0,0,0,0,0
pointer,1,0,1,0,0,0,0,0,0,0,0,0
poison,1,0,0,0,1,0,0,0,0,0,0,0
poisonous,1,0,0,0,0,0,0,1,0,0,0,0
politics,1,0,0,0,0,0,0,0,0,1,0,0
potato,1,0,0,0,0,0,0,0,0,0,0,1
pour,1,0,0,0,1,0,0,0,0,0,0,0
portable,1,0,1,0,0,0,0,0,0,0,0,0
position,1,0,1,0,0,0,0,0,0,0,0,0
possession,1,0,1,0,0,0,0,0,0,0,0,0
none,1,1,0,0,0,0,0,0,0,0,0,0
nuke,1,0,1,0,0,0,0,0,0,0,0,0
novel,1,0,0,0,0,0,0,0,0,0,0,1
nod,1,0,1,0,0,0,0,0,0,0,0,0
nickname,1,0,1,0,0,0,0,0,0,0,0,0
nail,1,0,0,0,0,1,0,0,0,0,0,0
padding,1,0,1,0,0,0,0,0,0,0,0,0
panic,1,0,1,0,0,0,0,0,0,0,0,0
ourselves,1,0,1,0,0,0,0,0,0,0,0,0
outlander,1,0,0,0,0,0,0,1,0,0,0,0
option,1,1,0,0,0,0,0,0,0,0,0,0
scarface,1,0,0,0,0,0,0,0,0,1,0,0
scam,1,1,0,0,0,0,0,0,0,0,0,0
scan,1,0,0,0,0,0,0,0,0,0,1,0
Saturday,1,0,1,0,0,0,0,0,0,0,0,0
sauce,1,0,0,0,0,0,0,0,0,0,0,1
sawdust,1,0,0,0,0,0,0,1,0,0,0,0
same,1,0,0,0,0,0,0,0,1,0,0,0
scramble,1,0,1,0,0,0,0,0,0,0,0,0
scroll,1,0,0,0,0,0,0,0,0,0,0,1
scrapbook,1,0,1,0,0,0,0,0,0,0,0,0
seal,1,0,1,0,0,0,0,0,0,0,0,0
seen,1,0,1,0,0,0,0,0,0,0,0,0
selection,1,0,0,0,0,0,0,0,0,0,0,1
Renaissance,1,0,1,0,0,0,0,0,0,0,0,0
respond,1,0,0,0,0,0,0,0,1,0,0,0
response,1,0,0,0,0,1,0,0,0,0,0,0
rest,1,0,1,0,0,0,0,0,0,0,0,0
result,1,0,0,1,0,0,0,0,0,0,0,0
revenue,1,0,1,0,0,0,0,0,0,0,0,0
Rich,1,0,0,0,0,0,0,0,0,0,0,1
roommate,1,1,0,0,0,0,0,0,0,0,0,0
root,1,0,0,0,0,0,0,0,0,1,0,0
roaming,1,0,1,0,0,0,0,0,0,0,0,0
running,1,0,1,0,0,0,0,0,0,0,0,0
recent,1,0,1,0,0,0,0,0,0,0,0,0
refugee,1,0,0,0,0,0,0,0,0,0,1,0
relationship,1,0,0,0,0,1,0,0,0,0,0,0
religion,1,0,1,0,0,0,0,0,0,0,0,0
quick,1,0,1,0,0,0,0,0,0,0,0,0
rather,1,0,1,0,0,0,0,0,0,0,0,0
radioactive,1,0,0,0,0,0,0,1,0,0,0,0
rage,1,0,0,0,0,0,0,0,0,0,1,0
present,1,0,1,0,0,0,0,0,0,0,0,0
producer,1,0,0,0,0,0,0,0,0,0,0,1
Price,1,0,1,0,0,0,0,0,0,0,0,0
program,1,0,1,0,0,0,0,0,0,0,0,0
publisher,1,0,1,0,0,0,0,0,0,0,0,0
pump,1,0,0,0,0,0,0,0,0,0,1,0
punch,1,0,0,0,0,0,1,0,0,0,0,0
quale,1,0,0,0,0,0,1,0,0,0,0,0
quarter,1,0,0,0,0,0,0,0,0,0,1,0
purge,1,0,0,0,0,0,0,0,0,0,0,1
proxy,1,0,1,0,0,0,0,0,0,0,0,0
psychologically,1,0,0,0,0,1,0,0,0,0,0,0
heat,1,0,0,0,0,0,0,0,0,0,0,1
hay,1,0,0,0,0,0,0,1,0,0,0,0
hear,1,0,0,0,0,0,0,0,0,0,1,0
hardy,1,0,0,0,0,0,0,0,0,0,0,1
Hampshire,1,0,1,0,0,0,0,0,0,0,0,0
happening,1,0,1,0,0,0,0,0,0,0,0,0
hag,1,0,0,1,0,0,0,0,0,0,0,0
hidden,1,0,1,0,0,0,0,0,0,0,0,0
him,1,0,1,0,0,0,0,0,0,0,0,0
holding,1,0,1,0,0,0,0,0,0,0,0,0
holiday,1,0,1,0,0,0,0,0,0,0,0,0
homework,1,0,0,0,0,0,1,0,0,0,0,0
hurricane,1,0,0,1,0,0,0,0,0,0,0,0
IDK,1,0,0,0,0,1,0,0,0,0,0,0
hosting,1,0,1,0,0,0,0,0,0,0,0,0
hormone,1,0,0,0,0,0,0,0,0,1,0,0
hover,1,0,1,0,0,0,0,0,0,0,0,0
its,1,0,1,0,0,0,0,0,0,0,0,0
jazzy,1,0,0,0,0,0,0,0,0,0,1,0
intern,1,0,1,0,0,0,0,0,0,0,0,0
invent,1,0,1,0,0,0,0,0,0,0,0,0
inappropriate,1,0,1,0,0,0,0,0,0,0,0,0
influencer,1,0,0,0,0,0,0,0,0,0,0,1
indicate,1,0,1,0,0,0,0,0,0,0,0,0
launcher,1,0,0,0,0,0,0,1,0,0,0,0
law,1,0,1,0,0,0,0,0,0,0,0,0
lead,1,0,0,0,0,0,0,0,1,0,0,0
lapse,1,0,1,0,0,0,0,0,0,0,0,0
large,1,0,1,0,0,0,0,0,0,0,0,0
lamp,1,0,1,0,0,0,0,0,0,0,0,0
journalism,1,0,1,0,0,0,0,0,0,0,0,0
knife,1,0,0,0,0,0,0,0,0,0,0,1
knock,1,0,1,0,0,0,0,0,0,0,0,0
Monday,1,0,1,0,0,0,0,0,0,0,0,0
motivational,1,0,1,0,0,0,0,0,0,0,0,0
Neanderthal,1,0,1,0,0,0,0,0,0,0,0,0
near,1,0,0,0,0,1,0,0,0,0,0,0
neck,1,0,0,0,0,0,0,0,0,0,0,1
mud,1,0,0,0,0,1,0,0,0,0,0,0
mug,1,0,1,0,0,0,0,0,0,0,0,0
murder,1,0,0,0,0,0,0,0,0,1,0,0
Mrs,1,0,1,0,0,0,0,0,0,0,0,0
minimal,1,0,1,0,0,0,0,0,0,0,0,0
midnight,1,0,0,0,0,0,0,0,0,1,0,0
midway,1,0,1,0,0,0,0,0,0,0,0,0
mile,1,0,0,0,0,0,1,0,0,0,0,0
mermaid,1,0,0,0,0,0,0,0,0,0,0,1
Mart,1,0,1,0,0,0,0,0,0,0,0,0
manager,1,0,1,0,0,0,0,0,0,0,0,0
masked,1,0,0,0,0,0,0,0,0,0,0,1
mayor,1,0,0,1,0,0,0,0,0,0,0,0
mean,1,0,0,0,0,0,0,0,1,0,0,0
lover,1,0,1,0,0,0,0,0,0,0,0,0
loose,1,0,0,0,0,0,0,0,0,0,1,0
looking,1,0,1,0,0,0,0,0,0,0,0,0
male,1,0,0,0,1,0,0,0,0,0,0,0
majesty,1,0,0,0,0,0,0,0,0,0,1,0
madness,1,1,0,0,0,0,0,0,0,0,0,0
lying,1,0,1,0,0,0,0,0,0,0,0,0
libertine,1,0,0,1,0,0,0,0,0,0,0,0
legendary,1,0,0,1,0,0,0,0,0,0,0,0
learning,1,0,1,0,0,0,0,0,0,0,0,0
leasing,1,0,1,0,0,0,0,0,0,0,0,0
lit,1,0,1,0,0,0,0,0,0,0,0,0
listener,1,0,0,0,0,0,0,0,0,0,1,0
liquid,1,0,1,0,0,0,0,0,0,0,0,0
lobby,1,0,1,0,0,0,0,0,0,0,0,0
location,1,0,0,0,1,0,0,0,0,0,0,0
log,1,0,1,0,0,0,0,0,0,0,0,0
lollipop,1,0,0,0,0,0,0,0,1,0,0,0
